,주소,장소명
0,https://cdn.visitkorea.or.kr/img/call?cmd=VIEW&id=b27c894e-f4dc-439b-abfc-28c89decf0e6,을지로 노가리골목
1,https://cdn.visitkorea.or.kr/img/call?cmd=VIEW&id=105f237b-b057-4c3e-8c89-bd4047af9d3a,아모레 성수
2,https://cdn.visitkorea.or.kr/img/call?cmd=VIEW&id=b8294e53-3f03-4a1b-aaa2-1be92ab28544,스탈릿성수
3,https://cdn.visitkorea.or.kr/img/call?cmd=VIEW&id=8054cba4-f0f9-405b-bf6e-7fab3d054f99,무대륙
4,https://cdn.visitkorea.or.kr/img/call?cmd=VIEW&id=2ed851f7-6125-4990-8f2b-6a4f39813191,세종마을 음식문화거리
5,https://cdn.visitkorea.or.kr/img/call?cmd=VIEW&id=364eaf90-7129-4644-a52b-aeec8623bea2,K-컬처 스크린(대한민국역사박물관)
6,https://cdn.visitkorea.or.kr/img/call?cmd=VIEW&id=f63635ec-d0fd-4e21-8cc4-ce1eedbd145b,서울물재생체험관
7,https://cdn.visitkorea.or.kr/img/call?cmd=VIEW&id=3462e4df-d880-40d5-b835-a65adc36bdb4,백악마루
8,https://cdn.visitkorea.or.kr/img/call?cmd=VIEW&id=db2e0aaa-4b07-4bb9-a63f-b88a4efb8900,락고재 컬쳐 라운지 애가헌
9,https://cdn.visitkorea.or.kr/img/call?cmd=VIEW&id=ff7462f2-e93c-455b-8213-eed859399695,라이스앤파스타
10,https://cdn.visitkorea.or.kr/img/call?cmd=VIEW&id=715d3913-f5ce-4669-9bc5-076134623e59,청와대 전망대
11,https://cdn.visitkorea.or.kr/img/call?cmd=VIEW&id=c7c65d34-becf-4fc3-b119-88941d27ee10,LG상남도서관
12,https://cdn.visitkorea.or.kr/img/call?cmd=VIEW&id=8c183c8b-7f53-4561-9b11-fb286118b9ec,기기국 번사창
13,https://cdn.visitkorea.or.kr/img/call?cmd=VIEW&id=2bddc050-9998-4bfa-bd93-51f51c3864fd,선유도공원
14,https://cdn.visitkorea.or.kr/img/call?cmd=VIEW&id=75203de2-4f53-4590-ad92-7359efad0e5d,상촌재
15,https://cdn.visitkorea.or.kr/img/call?cmd=VIEW&id=da3a87cc-600a-4393-a27b-ac6466f69601,대돈집
16,https://cdn.visitkorea.or.kr/img/call?cmd=VIEW&id=4c5ebe3a-3c11-405b-8006-140ef595bd51,아트스페이스3
17,https://cdn.visitkorea.or.kr/img/call?cmd=VIEW&id=18f93bfb-17b0-454c-a73d-9e1dbf9bea2a,윤동주 하숙집 터
18,https://cdn.visitkorea.or.kr/img/call?cmd=VIEW&id=2148f0b1-19ad-4120-88cd-be76c6021fe2,아트선재센터
19,https://cdn.visitkorea.or.kr/img/call?cmd=VIEW&id=b06cd6e4-badd-4653-acb6-cfeddba7b7b6,사직단
20,https://cdn.visitkorea.or.kr/img/call?cmd=VIEW&id=4eb6c21a-6c35-4c3e-a412-b09b03db3743,"꽃,밥에피다"
21,https://cdn.visitkorea.or.kr/img/call?cmd=VIEW&id=b2cd1753-d8a2-4e1e-9f93-731356e58cc8,북촌전통공예체험관
22,https://cdn.visitkorea.or.kr/img/call?cmd=VIEW&id=c3e875f8-0588-4bf8-bcd8-04d22d2cd1e2,위라이드 서울전차
23,https://cdn.visitkorea.or.kr/img/call?cmd=VIEW&id=2e5839a9-642f-400c-b525-4097b5b46325,백악정
24,https://cdn.visitkorea.or.kr/img/call?cmd=VIEW&id=1d21c28f-d05a-4eca-8f70-016ce45473aa,사찰음식 전문점 발우공양
25,https://cdn.visitkorea.or.kr/img/call?cmd=VIEW&id=6ce0f037-b56d-49a1-bcfc-8646c739d78c,와이키키레저
26,https://cdn.visitkorea.or.kr/img/call?cmd=VIEW&id=534e9a80-2589-4924-8e37-c2027c2e0df8,소테츠 프레사 인 서울 명동
27,https://cdn.visitkorea.or.kr/img/call?cmd=VIEW&id=facfc074-3e28-4435-a485-d39f61a675db,소테츠 호텔즈 더 스프라지르 서울 명동
28,https://cdn.visitkorea.or.kr/img/call?cmd=VIEW&id=aad28e25-5a2c-4727-b8b0-3d04551a70ae,소테츠 호텔즈 더 스프라지르 서울 동대문
29,https://cdn.visitkorea.or.kr/img/call?cmd=VIEW&id=fdae20ff-63f6-4357-8e34-97b8e332a43e,화춘옥 청담점
30,https://cdn.visitkorea.or.kr/img/call?cmd=VIEW&id=35c572f8-c912-4717-b713-4deed8aae635,한강세븐수상레저
31,https://cdn.visitkorea.or.kr/img/call?cmd=VIEW&id=325773df-d226-4a9e-b4b4-7d4ffe41f9a2,무수골계곡
32,https://cdn.visitkorea.or.kr/img/call?cmd=VIEW&id=f531ffc6-359f-4550-bcea-f8f048c1b073,금천 체육공원
33,https://cdn.visitkorea.or.kr/img/call?cmd=VIEW&id=9000c6c0-fd41-4be2-9c50-4199b5d6e2a4,양화진홀 전시관
34,https://cdn.visitkorea.or.kr/img/call?cmd=VIEW&id=3656abef-62be-4d16-b67f-f91d18af772d,난지천공원
35,https://cdn.visitkorea.or.kr/img/call?cmd=VIEW&id=1de70a51-563b-43d5-9f0f-61f1008d6279,와이키키마켓
36,https://cdn.visitkorea.or.kr/img/call?cmd=VIEW&id=266485eb-fc0f-4da3-b3b2-f26a6243b46c,신성종합시장
37,https://cdn.visitkorea.or.kr/img/call?cmd=VIEW&id=d7bf788e-29da-4825-9af0-57e8ac879e0e,서울한양도성 백악구간
38,https://cdn.visitkorea.or.kr/img/call?cmd=VIEW&id=55758513-1ea5-4404-8737-495a6a331656,플랫폼엘
39,https://cdn.visitkorea.or.kr/img/call?cmd=VIEW&id=114d3c4f-c8b7-4579-b0e2-de68acef68b0,필름로그 현상소
40,https://cdn.visitkorea.or.kr/img/call?cmd=VIEW&id=4f70f155-e57b-43e1-bdfc-f1e9849e1ffd,경찰박물관
41,https://cdn.visitkorea.or.kr/img/call?cmd=VIEW&id=2f12d10c-fe46-47e4-b17e-4a995b35838d,망우리 시민공원
42,https://cdn.visitkorea.or.kr/img/call?cmd=VIEW&id=4014d49b-abf3-4d62-ab1f-b7379d1163b8,여의도 양꼬치
43,https://cdn.visitkorea.or.kr/img/call?cmd=VIEW&id=a35a7183-49e8-4d60-8a15-5dc51aec5d01,하니칼국수
44,https://cdn.visitkorea.or.kr/img/call?cmd=VIEW&id=ca04834d-765f-450d-9593-bdf79d7eabc4,전곡시장
45,https://cdn.visitkorea.or.kr/img/call?cmd=VIEW&id=7ff882ef-7a75-46c0-b998-b131ed44476f,문래예술공장
46,https://cdn.visitkorea.or.kr/img/call?cmd=VIEW&id=d852d64e-9cd1-471c-bcdd-4035509dff80,립바이 메이크업 스튜디오
47,https://cdn.visitkorea.or.kr/img/call?cmd=VIEW&id=61d10cc3-9e74-497c-b8a9-b039e15c2f78,벽제갈비 방이
48,https://cdn.visitkorea.or.kr/img/call?cmd=VIEW&id=ea539068-aedc-4e8a-9a13-c230837f0621,성수동 대림창고 갤러리
49,https://cdn.visitkorea.or.kr/img/call?cmd=VIEW&id=015fabc4-0166-4f36-b4df-01b68685f50d,북촌한옥역사관
50,https://cdn.visitkorea.or.kr/img/call?cmd=VIEW&id=68a088c7-b285-44ff-8fd8-e6f60c42c64b,브이센터 (브이센터 더라이브뮤지엄)
51,https://cdn.visitkorea.or.kr/img/call?cmd=VIEW&id=60f5856b-5537-4f95-a0f7-c55b8b541172,자코비버거
52,https://cdn.visitkorea.or.kr/img/call?cmd=VIEW&id=c35de038-f4b2-4e03-a131-f0edc3d93802,콘하스 한남점
53,https://cdn.visitkorea.or.kr/img/call?cmd=VIEW&id=fcc1d11c-86ea-41cf-8e5d-a94c78bed37b,린다픽[한국관광 품질인증/Korea Quality]
54,https://cdn.visitkorea.or.kr/img/call?cmd=VIEW&id=d483643b-f369-4d7d-9f93-03364b09bbc6,응정헌[한국관광 품질인증/Korea Quality]
55,https://cdn.visitkorea.or.kr/img/call?cmd=VIEW&id=5402d2b2-0d2f-4714-879e-0f3d484a6225,루민북촌[한국관광 품질인증/Korea Quality]
56,https://cdn.visitkorea.or.kr/img/call?cmd=VIEW&id=e3835d23-ec9b-402d-8658-6314047053fa,서울한옥스테이(jnpstay)[한국관광 품질인증/Korea Quality]
57,https://cdn.visitkorea.or.kr/img/call?cmd=VIEW&id=005df2b0-6853-4763-adc8-a0f384fae28c,전통주갤러리
58,https://cdn.visitkorea.or.kr/img/call?cmd=VIEW&id=a2fedac2-3468-479b-946f-31d5dfb7f62a,해담채 남부터미널점
59,https://cdn.visitkorea.or.kr/img/call?cmd=VIEW&id=cc41c53a-9a45-4435-84c0-c05e5d9ee15d,농업박물관
60,https://cdn.visitkorea.or.kr/img/call?cmd=VIEW&id=14f9f472-e3a6-4fc7-9efb-b383563184bb,남산국치길
61,https://cdn.visitkorea.or.kr/img/call?cmd=VIEW&id=f6fef5cd-8505-42c1-bee0-8ff1b21a5cb9,모자이크
62,https://cdn.visitkorea.or.kr/img/call?cmd=VIEW&id=c7651f88-7d84-495f-b5e3-9f6653adb417,랩포터리
63,https://cdn.visitkorea.or.kr/img/call?cmd=VIEW&id=bcac00e4-ee04-43bb-9f3f-41956434d23e,스시 초희
64,https://cdn.visitkorea.or.kr/img/call?cmd=VIEW&id=94f6ae8c-9bef-44e0-94fe-6dfd5d98c12e,소수책방
65,https://cdn.visitkorea.or.kr/img/call?cmd=VIEW&id=9fb30a41-9a13-4d73-b472-3d509da6448c,갤러리JJ
66,https://cdn.visitkorea.or.kr/img/call?cmd=VIEW&id=74571749-955c-4346-bae3-c8ceebba944e,낙원떡집
67,https://cdn.visitkorea.or.kr/img/call?cmd=VIEW&id=580c51c9-5182-4029-a2bd-0b42e327f9af,스포츠 360 플레이
68,https://cdn.visitkorea.or.kr/img/call?cmd=VIEW&id=32bfbd3f-2b99-4e3a-94fa-88dd91a83131,까르띠에 메종
69,https://cdn.visitkorea.or.kr/img/call?cmd=VIEW&id=e227bd10-2e95-470d-9f82-862a4fb86744,세실앤세드릭
70,https://cdn.visitkorea.or.kr/img/call?cmd=VIEW&id=98ba5891-64f4-4b9d-b009-c1bf922e3807,을지로예술공장
71,https://cdn.visitkorea.or.kr/img/call?cmd=VIEW&id=083eff73-eaed-4c7b-b9c6-ce6395f92bd2,서울시립과학관
72,https://cdn.visitkorea.or.kr/img/call?cmd=VIEW&id=b90d3321-8c46-40af-8032-3765150e281f,스파 도향
73,https://cdn.visitkorea.or.kr/img/call?cmd=VIEW&id=abeaf2b3-bfe0-47be-bf50-93097c0b9dec,서울웨이브아트센터
74,https://cdn.visitkorea.or.kr/img/call?cmd=VIEW&id=c811217d-e642-4597-b039-725bfe4cc7b8,공근혜갤러리
75,https://cdn.visitkorea.or.kr/img/call?cmd=VIEW&id=8829275d-7d15-4d53-b700-5fad241e9d5d,여의도 셋째집
76,https://cdn.visitkorea.or.kr/img/call?cmd=VIEW&id=6ed193cf-6c50-4518-bad2-d8d45cd3db08,카페엠(Cafe M)
77,https://cdn.visitkorea.or.kr/img/call?cmd=VIEW&id=e585693e-ab67-4643-a454-aac9a6e906a2,풋볼 팬타지움
78,https://cdn.visitkorea.or.kr/img/call?cmd=VIEW&id=a47904f8-ecac-458a-9e97-b75239869410,서울도심등산관광센터(북한산)
79,https://cdn.visitkorea.or.kr/img/call?cmd=VIEW&id=dec05058-6eec-431e-b7a0-05ea3c82c745,레치키치 스튜디오
80,https://cdn.visitkorea.or.kr/img/call?cmd=VIEW&id=b58a44b7-7ef3-435b-b7b5-cbb00aacf95c,스튜디오 호테노
81,https://cdn.visitkorea.or.kr/img/call?cmd=VIEW&id=4f66c5e4-2f86-4de5-aaa6-8f248fcdff6a,제로카페
82,https://cdn.visitkorea.or.kr/img/call?cmd=VIEW&id=88955a97-548c-4c80-850c-cefb73a5344a,Self Studio 씨잌
83,https://cdn.visitkorea.or.kr/img/call?cmd=VIEW&id=c7bf792b-7426-43ae-be00-8fe9462a8200,캐논플렉스
84,https://cdn.visitkorea.or.kr/img/call?cmd=VIEW&id=01e214c4-b725-4bed-a3c7-c474ff927ae1,인터랙트 with 글루텐프리
85,https://cdn.visitkorea.or.kr/img/call?cmd=VIEW&id=d076ca9c-8058-4630-bdd9-0b1bee984889,광야 서울
86,https://cdn.visitkorea.or.kr/img/call?cmd=VIEW&id=13bc5764-7c98-44e2-bdb9-7185a370daac,다크룸 포토매틱
87,https://cdn.visitkorea.or.kr/img/call?cmd=VIEW&id=fd4dad17-1910-4f9e-8206-0adc8222da50,필로베이커리
88,https://cdn.visitkorea.or.kr/img/call?cmd=VIEW&id=92c64d76-9c8c-4c29-83dd-3fb6d45c873f,간격 드로잉스페이스
89,https://cdn.visitkorea.or.kr/img/call?cmd=VIEW&id=4e633031-0966-439c-95df-359d1ec65a8d,얼스오브제
90,https://cdn.visitkorea.or.kr/img/call?cmd=VIEW&id=a8bf4369-5f77-41b6-846c-2a4b68b71ada,섬세이 테라리움
91,https://cdn.visitkorea.or.kr/img/call?cmd=VIEW&id=f4b3660c-fa2c-45f6-8d60-542a9f3dac42,다이브라이프
92,https://cdn.visitkorea.or.kr/img/call?cmd=VIEW&id=74c422db-378a-4b06-b483-2106c2a2a156,성수연방
93,https://cdn.visitkorea.or.kr/img/call?cmd=VIEW&id=4d1f9fc5-5a71-4ad1-afb4-230bd610b928,송은
94,https://cdn.visitkorea.or.kr/img/call?cmd=VIEW&id=8bbef3dc-f4bb-4468-aebc-d9545c0862a9,널담은공간
95,https://cdn.visitkorea.or.kr/img/call?cmd=VIEW&id=76b48c13-4e92-40e5-9a98-646be493c57f,리틀넥한남
96,https://cdn.visitkorea.or.kr/img/call?cmd=VIEW&id=dcbfdb4c-69de-4f33-88d1-036986b05e65,에베레스트커리월드
97,https://cdn.visitkorea.or.kr/img/call?cmd=VIEW&id=1dc3b791-0ac3-44ab-9688-d485ec45415f,관악신사시장
98,https://cdn.visitkorea.or.kr/img/call?cmd=VIEW&id=7f923700-9f4c-4eb7-a258-fc37cf4d2391,명품기사식당뚝다리김치찌개
99,https://cdn.visitkorea.or.kr/img/call?cmd=VIEW&id=38cbcace-02df-473c-aea1-784bf397225d,빌즈 강남
100,https://cdn.visitkorea.or.kr/img/call?cmd=VIEW&id=619a0690-4c1e-427b-bf6c-f409cf80851a,청기와타운 본점
101,https://cdn.visitkorea.or.kr/img/call?cmd=VIEW&id=0d6aa571-5bd5-4e49-ab66-e2c9459f4974,사당청소년문화의집
102,https://cdn.visitkorea.or.kr/img/call?cmd=VIEW&id=1967dc20-da81-4724-9083-f945bfc4d9d4,마리오아울렛
103,https://cdn.visitkorea.or.kr/img/call?cmd=VIEW&id=ca3d048f-cbdc-4928-a74c-2d2ee179dbe6,청량리청과물시장
104,https://cdn.visitkorea.or.kr/img/call?cmd=VIEW&id=85a3ea7e-f398-4766-aeb2-8e3af5b5af5a,모래내시장
105,https://cdn.visitkorea.or.kr/img/call?cmd=VIEW&id=93c854c7-4d05-4f64-9a0d-ab18224f8c57,장안근린공원
106,https://cdn.visitkorea.or.kr/img/call?cmd=VIEW&id=f5ce2a72-1f2e-4603-b5c9-879cd9a6b731,연서시장
107,https://cdn.visitkorea.or.kr/img/call?cmd=VIEW&id=1fa57b29-1e08-400c-938e-27d000451b35,판타지보이 롤러클럽
108,https://cdn.visitkorea.or.kr/img/call?cmd=VIEW&id=8f24c8be-7aee-4905-8b3e-83a92a78289c,노을공원
109,https://cdn.visitkorea.or.kr/img/call?cmd=VIEW&id=807b8f5e-8800-4bb1-87d1-2f7678b0af07,묵정어린이공원
110,https://cdn.visitkorea.or.kr/img/call?cmd=VIEW&id=0961338f-3f3b-49f8-b3dc-00243da16974,동묘벼룩시장
111,https://cdn.visitkorea.or.kr/img/call?cmd=VIEW&id=8a7ab2b5-fdef-4b00-98c8-1c170c102074,용마공원놀이동산(용마랜드)
112,https://cdn.visitkorea.or.kr/img/call?cmd=VIEW&id=9350d711-c755-428c-8f5f-ca5a39cfd758,불암산나비정원
113,https://cdn.visitkorea.or.kr/img/call?cmd=VIEW&id=b97cdd9a-d9c0-472d-9b69-d6a9f12e27eb,빨래골
114,https://cdn.visitkorea.or.kr/img/call?cmd=VIEW&id=057d4226-5af7-4899-a767-e2cdf97f603a,거리공원
115,https://cdn.visitkorea.or.kr/img/call?cmd=VIEW&id=fd0c2415-29d3-4017-b6cb-f7741c05f2a4,송파구자원순환공원
116,https://cdn.visitkorea.or.kr/img/call?cmd=VIEW&id=e59362ae-1d40-4d7d-a81e-df63671f0daf,채그로
117,https://cdn.visitkorea.or.kr/img/call?cmd=VIEW&id=61f1fb7c-ae18-4584-9812-f182a989206f,노들나루공원
118,https://cdn.visitkorea.or.kr/img/call?cmd=VIEW&id=1025dcdf-45b6-47a8-828a-d6521e157cdd,레디투웰니스 (ready to wellness)
119,https://cdn.visitkorea.or.kr/img/call?cmd=VIEW&id=efef38ba-5782-4342-ae5c-801a04534872,역전회관
120,https://cdn.visitkorea.or.kr/img/call?cmd=VIEW&id=4cc5106e-5253-4124-96b7-dac6ef658781,올림픽공원들꽃마루
121,https://cdn.visitkorea.or.kr/img/call?cmd=VIEW&id=8fadd7ab-b94e-4f15-905d-4e7d0ab34d59,만남의광장
122,https://cdn.visitkorea.or.kr/img/call?cmd=VIEW&id=da1d88ad-cd61-48ed-81ae-e7ffb0cc1892,봉일시장
123,https://cdn.visitkorea.or.kr/img/call?cmd=VIEW&id=f18cc6c1-269b-4b66-a2a1-80f756f91742,워커힐숲길
124,https://cdn.visitkorea.or.kr/img/call?cmd=VIEW&id=532af2f3-f14b-4082-8ea1-d148632ef1ab,구로리공원
125,https://cdn.visitkorea.or.kr/img/call?cmd=VIEW&id=cfcf78a9-f4bf-418e-a05c-2e99d317ad5c,은가어린이공원
126,https://cdn.visitkorea.or.kr/img/call?cmd=VIEW&id=f4ba4853-b613-41e9-824d-43409b64911f,삼성동시장
127,https://cdn.visitkorea.or.kr/img/call?cmd=VIEW&id=e53410ff-ee46-4fe6-bd9e-02c8b2fd701d,신창시장
128,https://cdn.visitkorea.or.kr/img/call?cmd=VIEW&id=08fee7db-3335-449e-9a6f-513b7c4fbc3d,식물관PH
129,https://cdn.visitkorea.or.kr/img/call?cmd=VIEW&id=2acdb1ba-32f8-4433-ac99-33a87b680d93,화곡본동시장
130,https://cdn.visitkorea.or.kr/img/call?cmd=VIEW&id=f73e12dc-06b8-4262-baa5-2dcfef0d9e12,청평화패션몰
131,https://cdn.visitkorea.or.kr/img/call?cmd=VIEW&id=5cb5e81d-5cfd-4da0-b0c6-6aece73fcd51,덕성여자대학교박물관
132,https://cdn.visitkorea.or.kr/img/call?cmd=VIEW&id=19cf0d8e-1dff-4ffd-a8e6-9c24a50ca7f4,명동사격장
133,https://cdn.visitkorea.or.kr/img/call?cmd=VIEW&id=8ec3d558-61f4-4106-9781-88f52ef9ab7e,갤러리미
134,https://cdn.visitkorea.or.kr/img/call?cmd=VIEW&id=e7d912ee-41e7-43b1-a70b-373cbd776037,관세박물관
135,https://cdn.visitkorea.or.kr/img/call?cmd=VIEW&id=06cd469b-dbc4-475f-9de7-f41fc6b22760,롯데호텔서울 설화수 스파
136,https://cdn.visitkorea.or.kr/img/call?cmd=VIEW&id=c02ba737-b265-4dcd-b6aa-0337632e8aca,송정제방길
137,https://cdn.visitkorea.or.kr/img/call?cmd=VIEW&id=0681c16e-3aaf-4b9a-8c2d-ddfb37f2fd53,[충효길코스 1코스] 고구동산길
138,https://cdn.visitkorea.or.kr/img/call?cmd=VIEW&id=6d7ae44f-b223-4752-bad5-b1ba6b74cfd0,한옥스테이 언니집[한국관광 품질인증/Korea Quality]
139,https://cdn.visitkorea.or.kr/img/call?cmd=VIEW&id=7e283a2b-18e9-4310-b3e5-39bfab00c6d3,면곡시장
140,https://cdn.visitkorea.or.kr/img/call?cmd=VIEW&id=4858146e-6441-47c6-a232-940683030a3e,고운[한국관광 품질인증/Korea Quality]
141,https://cdn.visitkorea.or.kr/img/call?cmd=VIEW&id=93df594f-491b-41fa-8b88-1540c0fcba4e,노룬산골목시장
142,https://cdn.visitkorea.or.kr/img/call?cmd=VIEW&id=c5e6227c-1af1-4913-8221-ff102b2315fb,포방터시장
143,https://cdn.visitkorea.or.kr/img/call?cmd=VIEW&id=9845b93d-794f-4c9a-aa6a-8eaf33806111,서울특별시교육청 동작도서관
144,https://cdn.visitkorea.or.kr/img/call?cmd=VIEW&id=217feb8b-5884-47d0-9ad4-9aac9600d8bd,호텔토마스명동
145,https://cdn.visitkorea.or.kr/img/call?cmd=VIEW&id=ab9587b0-9ad5-4e9f-ab21-95fc85b37a62,포스코미술관
146,https://cdn.visitkorea.or.kr/img/call?cmd=VIEW&id=99ec0bb1-da9e-467d-b995-39bf395c21a3,호전다실
147,https://cdn.visitkorea.or.kr/img/call?cmd=VIEW&id=a6f0bbfe-87db-4b67-9b06-5a8ea84455bb,가리봉시장
148,https://cdn.visitkorea.or.kr/img/call?cmd=VIEW&id=02e9c053-e888-4214-804f-a0de7eca933a,이경시장
149,https://cdn.visitkorea.or.kr/img/call?cmd=VIEW&id=abb619e2-0ff2-4b7b-a03c-6a44db19ea9d,청량종합도매시장
150,https://cdn.visitkorea.or.kr/img/call?cmd=VIEW&id=835420c8-a8c8-4b46-85aa-6306fdbb3520,성대시장
151,https://cdn.visitkorea.or.kr/img/call?cmd=VIEW&id=c9541696-66b9-4c39-b0b6-25e8ed6e99b1,풍납도깨비시장
152,https://cdn.visitkorea.or.kr/img/call?cmd=VIEW&id=0928a803-7b3b-47ab-9bed-7e9e136399ee,후암시장
153,https://cdn.visitkorea.or.kr/img/call?cmd=VIEW&id=0d27b6c9-88c8-4270-bc44-6bdacd76756c,충신시장
154,https://cdn.visitkorea.or.kr/img/call?cmd=VIEW&id=c12b4f8a-079b-4adf-a503-1a5dbe90e591,우림시장
155,https://cdn.visitkorea.or.kr/img/call?cmd=VIEW&id=d5f29093-39d6-4b96-87bd-c8eba5a0db5a,용산도시기억전시관
156,https://cdn.visitkorea.or.kr/img/call?cmd=VIEW&id=a0d9a2fb-3fc8-4144-afd9-9f450ee39566,현대카드 Vinyl & Plastic
157,https://cdn.visitkorea.or.kr/img/call?cmd=VIEW&id=8272ceac-56d9-44c2-a76c-c5e83879db03,바투 스테이[한국관광 품질인증/Korea Quality]
158,https://cdn.visitkorea.or.kr/img/call?cmd=VIEW&id=048a1954-8f5a-40b4-8d88-d66cbcc7cf92,갤러리 스클로
159,https://cdn.visitkorea.or.kr/img/call?cmd=VIEW&id=e3b83656-d8f9-4afb-9aec-f674edfc8ff8,광진문화원
160,https://cdn.visitkorea.or.kr/img/call?cmd=VIEW&id=81125e76-fa5c-4782-9057-aa58ed604863,독립문영천시장
161,https://cdn.visitkorea.or.kr/img/call?cmd=VIEW&id=35439b7c-b555-4afb-b1f9-ae79eb80d0e8,도곡시장
162,https://cdn.visitkorea.or.kr/img/call?cmd=VIEW&id=6ddeb3cf-7817-4fca-b020-814129928fce,다락원체육공원
163,https://cdn.visitkorea.or.kr/img/call?cmd=VIEW&id=598f35e2-3ddf-44bc-b9f7-db92e6996acb,역삼개나리공원
164,https://cdn.visitkorea.or.kr/img/call?cmd=VIEW&id=532f3965-6025-43f0-bda8-f6746f4e97e1,황금콩밭
165,https://cdn.visitkorea.or.kr/img/call?cmd=VIEW&id=61b02710-5192-4d01-861d-62a6dda241fb,일원에코파크
166,https://cdn.visitkorea.or.kr/img/call?cmd=VIEW&id=6a1728a1-23d8-4d5e-a357-25da3f9373da,언차일드
167,https://cdn.visitkorea.or.kr/img/call?cmd=VIEW&id=f74666b2-eac9-4332-a862-bfab0ea33b4c,송파책박물관
168,https://cdn.visitkorea.or.kr/img/call?cmd=VIEW&id=8ceaff00-43f5-40ba-9fe7-5f9692e7ce66,한솔공원
169,https://cdn.visitkorea.or.kr/img/call?cmd=VIEW&id=48cb4cd5-e5bd-47ef-9992-3ee41cd4d226,국립항공박물관
170,https://cdn.visitkorea.or.kr/img/call?cmd=VIEW&id=1069973e-e376-4d30-8b99-1b79ad1b4ed6,중랑숲캠핑장
171,https://cdn.visitkorea.or.kr/img/call?cmd=VIEW&id=686ad674-c865-4947-8739-c67745a9a279,관악산계곡
172,https://cdn.visitkorea.or.kr/img/call?cmd=VIEW&id=3a59b77d-a07c-4426-8bc0-8b70a9548c4f,할아버지공장
173,https://cdn.visitkorea.or.kr/img/call?cmd=VIEW&id=a63bd3e0-050a-432a-ae42-a393012d72dc,마포집
174,https://cdn.visitkorea.or.kr/img/call?cmd=VIEW&id=18ddc95a-9ba9-4d09-a358-c802ff1531ad,한일옥
175,https://cdn.visitkorea.or.kr/img/call?cmd=VIEW&id=558e3976-1369-4ece-a992-08437ce03cfc,국시랑만두
176,https://cdn.visitkorea.or.kr/img/call?cmd=VIEW&id=0cc75e89-0173-4ea6-b9a3-d632b33b21b9,양재꽃시장
177,https://cdn.visitkorea.or.kr/img/call?cmd=VIEW&id=09a80720-1c8b-4570-8789-31f53b9fca89,율현공원
178,https://cdn.visitkorea.or.kr/img/call?cmd=VIEW&id=fdb95d4d-426b-4dad-97b2-2bca1b9079c8,스위트룸[한국관광 품질인증/Korea Quality]
179,https://cdn.visitkorea.or.kr/img/call?cmd=VIEW&id=2fcc6646-8901-42a8-b3e0-369920930f68,하이데어 게스트하우스[한국관광 품질인증/Korea Quality]
180,https://cdn.visitkorea.or.kr/img/call?cmd=VIEW&id=721a5363-2d7e-4b72-beb6-ed6ddf8afd7c,스페이스 모다[한국관광 품질인증/Korea Quality]
181,https://cdn.visitkorea.or.kr/img/call?cmd=VIEW&id=b14217a1-0560-487b-9720-12f2a937c2da,삼다코지
182,https://cdn.visitkorea.or.kr/img/call?cmd=VIEW&id=5bc8625a-7eba-43c9-ac91-86cf6f63e3ed,아모레퍼시픽미술관
183,https://cdn.visitkorea.or.kr/img/call?cmd=VIEW&id=b6bf691f-5db8-48ba-8139-ac31a8396bd3,"조선 팰리스 서울 강남, 럭셔리 컬렉션 호텔 (Josun Palace, a Luxury Collection Hotel, Seoul Gangnam)"
184,https://cdn.visitkorea.or.kr/img/call?cmd=VIEW&id=638da6b5-7f11-4462-90c2-7e9a66cd26b6,티엔티에프
185,https://cdn.visitkorea.or.kr/img/call?cmd=VIEW&id=fe7a215a-0dd9-412e-8619-12d839d7c09d,녹사평역 지하예술정원
186,https://cdn.visitkorea.or.kr/img/call?cmd=VIEW&id=597ccacf-c549-4ebc-8c47-80741a006e59,숨은
187,https://cdn.visitkorea.or.kr/img/call?cmd=VIEW&id=6b2c1f93-d1ce-4c4c-9854-5842f5062a6c,일자산허브천문공원
188,https://cdn.visitkorea.or.kr/img/call?cmd=VIEW&id=77a1c09b-4166-45b9-8dfe-92fdc7fd29d0,신촌 시스터즈 [한국관광 품질인증/Korea Quality]
189,https://cdn.visitkorea.or.kr/img/call?cmd=VIEW&id=f1bf5dbc-119b-4570-9ebd-13357ef8d19a,을지다방
190,https://cdn.visitkorea.or.kr/img/call?cmd=VIEW&id=dbcaf214-4b3e-42f8-86c5-2f4a987b58e0,커피친구
191,https://cdn.visitkorea.or.kr/img/call?cmd=VIEW&id=301403a9-c917-4a0e-b30d-5766cd97d3fc,타이거릴리
192,https://cdn.visitkorea.or.kr/img/call?cmd=VIEW&id=a9e6f7db-6baa-436f-ad2d-1e1c0158e6c6,서울안심축산 마포직영점
193,https://cdn.visitkorea.or.kr/img/call?cmd=VIEW&id=077d42b5-4a14-4be9-9f47-0c6ec6c89198,서룡
194,https://cdn.visitkorea.or.kr/img/call?cmd=VIEW&id=dff84b5d-5887-4d63-ad41-0b791ef5e5f9,마뫼
195,https://cdn.visitkorea.or.kr/img/call?cmd=VIEW&id=51cc54f6-0268-4970-8e53-4af504b1a8ee,AK&홍대
196,https://cdn.visitkorea.or.kr/img/call?cmd=VIEW&id=98fd93de-a364-499c-b732-2db064eaebd6,943 킹스크로스CAFE
197,https://cdn.visitkorea.or.kr/img/call?cmd=VIEW&id=760696c0-893b-4148-ac9f-65ec463c01f9,컬러풀뮤지엄(COLORPOOL MUSEUM)
198,https://cdn.visitkorea.or.kr/img/call?cmd=VIEW&id=c6ffd069-ef17-4144-9b25-c5b9387e22cb,한강방어백골부대전적비
199,https://cdn.visitkorea.or.kr/img/call?cmd=VIEW&id=b0e44cf6-0d66-48b2-be3c-1fc86db97aaa,경리단길
200,https://cdn.visitkorea.or.kr/img/call?cmd=VIEW&id=43460f9f-4513-47a5-808a-d176883b5072,SPA 1899 동인비
201,https://cdn.visitkorea.or.kr/img/call?cmd=VIEW&id=c05a6d82-d396-4c3b-85ea-33b2a62cb9a1,대우모텔[한국관광 품질인증/Korea Quality]
202,https://cdn.visitkorea.or.kr/img/call?cmd=VIEW&id=9181d702-a7da-413d-b3cc-f50c2eab54c2,동묘발전소
203,https://cdn.visitkorea.or.kr/img/call?cmd=VIEW&id=ba6198af-a14a-42be-94d7-a7d3a704e699,성수동 카페거리
204,https://cdn.visitkorea.or.kr/img/call?cmd=VIEW&id=d5d88d20-291d-43a8-af48-152066948c8b,그라운드시소 서촌
205,https://cdn.visitkorea.or.kr/img/call?cmd=VIEW&id=47d2ef43-ffd8-4c1b-8234-2e4784ae454f,딜쿠샤
206,https://cdn.visitkorea.or.kr/img/call?cmd=VIEW&id=40677b48-8ba0-4d0a-b6c6-7d98d77a7687,CXC아트뮤지엄
207,https://cdn.visitkorea.or.kr/img/call?cmd=VIEW&id=2cbb0318-0031-47ce-bac4-f784552a9a49,고든램지버거
208,https://cdn.visitkorea.or.kr/img/call?cmd=VIEW&id=4c94c75a-f426-43a4-b2fd-b31a0dfc2cac,마포농수산물시장
209,https://cdn.visitkorea.or.kr/img/call?cmd=VIEW&id=ab0d642a-1ca6-49cc-8d83-4be8b93888b2,길음시장
210,https://cdn.visitkorea.or.kr/img/call?cmd=VIEW&id=acb141e6-e0e3-4ff2-a4c0-7b854e3d9201,두레 국립현대미술관서울점
211,https://cdn.visitkorea.or.kr/img/call?cmd=VIEW&id=43ce7537-5588-4979-a780-2a61aec58a5f,장프리고
212,https://cdn.visitkorea.or.kr/img/call?cmd=VIEW&id=a43230d4-9ce8-4943-960c-8bea6fceab8c,어라운드데이
213,https://cdn.visitkorea.or.kr/img/call?cmd=VIEW&id=7e7ee69c-042f-48d9-8469-52ba2fd540a8,레이더
214,https://cdn.visitkorea.or.kr/img/call?cmd=VIEW&id=f12ea123-aa58-4550-8480-4da9a194f1df,로코스 비비큐 경리단길본점
215,https://cdn.visitkorea.or.kr/img/call?cmd=VIEW&id=5adb8e9f-c46f-48eb-b48a-3ba4a7e73911,딥커피
216,https://cdn.visitkorea.or.kr/img/call?cmd=VIEW&id=54775c7c-5a56-43d7-b9a6-7692aac54eac,기후
217,https://cdn.visitkorea.or.kr/img/call?cmd=VIEW&id=c46ee98c-6ad9-4a16-af80-9f84b23149eb,화랑대 철도공원
218,https://cdn.visitkorea.or.kr/img/call?cmd=VIEW&id=cb11393e-69cc-4226-97a8-95e8d727c597,본노엘 성수점
219,https://cdn.visitkorea.or.kr/img/call?cmd=VIEW&id=9d03907c-a916-4d87-8a44-6488670e07ab,허브천문공원
220,https://cdn.visitkorea.or.kr/img/call?cmd=VIEW&id=468fd431-f34a-44b1-b027-b84cf5e21a94,서울식물원 호수공원
221,https://cdn.visitkorea.or.kr/img/call?cmd=VIEW&id=00b6b8f0-b520-4603-bc59-e8f512e2f86b,B the B
222,https://cdn.visitkorea.or.kr/img/call?cmd=VIEW&id=7e8c070c-6183-4c6d-aae4-1abae6e162d6,황금내근린공원
223,https://cdn.visitkorea.or.kr/img/call?cmd=VIEW&id=f37d0d29-5285-40a9-a13b-f3e2d8b8dd73,라마다 호텔앤스위트 서울남대문[한국관광 품질인증/Korea Quality]
224,https://cdn.visitkorea.or.kr/img/call?cmd=VIEW&id=b7f8788c-8d79-49c7-877c-3afaa988ec40,국토발전전시관
225,https://cdn.visitkorea.or.kr/img/call?cmd=VIEW&id=91053d1e-924a-4f4f-944c-bd585eaf9fe9,컴투레스트
226,https://cdn.visitkorea.or.kr/img/call?cmd=VIEW&id=a63a589e-06a3-4aa5-bd04-fc396c38090d,정선곤드레쌈밥
227,https://cdn.visitkorea.or.kr/img/call?cmd=VIEW&id=a13d646a-aea9-4276-8722-9e3315799b25,더클래스 청담
228,https://cdn.visitkorea.or.kr/img/call?cmd=VIEW&id=fee37e66-afc7-4dac-8e42-929568fc266f,페어몬트 앰배서더 서울 (Fairmont Ambassador Seoul)
229,https://cdn.visitkorea.or.kr/img/call?cmd=VIEW&id=a7eaeaa7-ae7b-4992-99ad-94061f334fd9,올림픽공원체조경기장
230,https://cdn.visitkorea.or.kr/img/call?cmd=VIEW&id=44af89b3-2e33-49e6-adb9-cfdbf720f100,서울우리소리박물관
231,https://cdn.visitkorea.or.kr/img/call?cmd=VIEW&id=8bad8d14-771c-4783-a908-16367def5942,보틀라운지
232,https://cdn.visitkorea.or.kr/img/call?cmd=VIEW&id=d79aacad-6d2f-4412-b35d-5919f3d9ca05,푸주옥
233,https://cdn.visitkorea.or.kr/img/call?cmd=VIEW&id=22e24ce3-dc24-474b-afd6-7a75249de9a2,망우청소년센터
234,https://cdn.visitkorea.or.kr/img/call?cmd=VIEW&id=3e35668c-965d-4a0e-972d-e6b67196cc9a,경춘선숲길
235,https://cdn.visitkorea.or.kr/img/call?cmd=VIEW&id=3963e09d-5856-4670-a0dd-22f9002bb4a6,등나무집
236,https://cdn.visitkorea.or.kr/img/call?cmd=VIEW&id=8f9c3691-8190-4be0-8b33-92009a0f16f4,하은재 [한국관광 품질인증/Korea Quality]
237,https://cdn.visitkorea.or.kr/img/call?cmd=VIEW&id=ece0b542-2834-4ed6-b4a3-6e18e626f108,일독일박 [한국관광 품질인증/Korea Quality]
238,https://cdn.visitkorea.or.kr/img/call?cmd=VIEW&id=e2a97954-7b3b-478c-894a-f63af6daa3d5,별양집
239,https://cdn.visitkorea.or.kr/img/call?cmd=VIEW&id=72d01eff-0428-4e8e-839e-23a5d33d6609,우이산장 키토산 오리집
240,https://cdn.visitkorea.or.kr/img/call?cmd=VIEW&id=715943c2-6066-45e7-b680-9f21315346cc,경복궁에 맛있는 부엌
241,https://cdn.visitkorea.or.kr/img/call?cmd=VIEW&id=5c65ce16-4197-4a31-b58e-03f98d5f96c7,한옥 게스트하우스 동촌재 [한국관광 품질인증/Korea Quality]
242,https://cdn.visitkorea.or.kr/img/call?cmd=VIEW&id=c9827a8d-423b-49a7-a2a7-d85fac90535c,세종대학교 세종아트갤러리
243,https://cdn.visitkorea.or.kr/img/call?cmd=VIEW&id=b743f0bc-21d5-4817-9e79-98240a526cc9,누와 [한국관광 품질인증/Korea Quality]
244,https://cdn.visitkorea.or.kr/img/call?cmd=VIEW&id=5baa9ea2-569f-4ebd-a970-e54a22c6695a,스테이 데이 오프 [한국관광 품질인증/Korea Quality]
245,https://cdn.visitkorea.or.kr/img/call?cmd=VIEW&id=ac3ec640-b6e2-4858-a888-a4c64dd5df2c,담소정[한국관광 품질인증/Korea Quality]
246,https://cdn.visitkorea.or.kr/img/call?cmd=VIEW&id=9e04bba6-fe39-447e-a4d0-d4ca9c0ebc13,금빛공원
247,https://cdn.visitkorea.or.kr/img/call?cmd=VIEW&id=236608fa-0716-4df1-b886-3eef91859fe1,광장싸롱
248,https://cdn.visitkorea.or.kr/img/call?cmd=VIEW&id=3a0d6287-ed65-4422-a183-2097190762e3,오만지아
249,https://cdn.visitkorea.or.kr/img/call?cmd=VIEW&id=3f05b1fe-b97f-4e88-819d-76c277ee1404,깔리
250,https://cdn.visitkorea.or.kr/img/call?cmd=VIEW&id=dfb0ec40-f3ff-4d90-b731-2f410116acd8,정동길
251,https://cdn.visitkorea.or.kr/img/call?cmd=VIEW&id=10e0de97-4052-41e2-a1c8-14d1c055b010,순천집
252,https://cdn.visitkorea.or.kr/img/call?cmd=VIEW&id=672c2c53-a030-4534-8725-1dce6e0451ca,테르트르카페
253,https://cdn.visitkorea.or.kr/img/call?cmd=VIEW&id=1e757029-af7a-43c7-9292-023184c7f5bb,명락사
254,https://cdn.visitkorea.or.kr/img/call?cmd=VIEW&id=b5b82f47-2ebb-4a18-b8e4-65f3f96014af,김옥길기념관
255,https://cdn.visitkorea.or.kr/img/call?cmd=VIEW&id=ccc0288c-6c22-4b78-834a-cec9946b2a23,부민옥
256,https://cdn.visitkorea.or.kr/img/call?cmd=VIEW&id=64540d7d-10bb-4889-9302-df475a5d26b5,띠아낭
257,https://cdn.visitkorea.or.kr/img/call?cmd=VIEW&id=95ca81ff-8312-4024-9525-ae2c9506374b,맥파이앤타이거 신사티룸
258,https://cdn.visitkorea.or.kr/img/call?cmd=VIEW&id=8234319b-6a38-45cf-9109-1c3974606cd0,우참판
259,https://cdn.visitkorea.or.kr/img/call?cmd=VIEW&id=992a4b51-06c5-4a9d-b22d-1bc88705c1bc,카페미우
260,https://cdn.visitkorea.or.kr/img/call?cmd=VIEW&id=fa0f5501-5607-4b61-9abd-d5760efeef3b,전태일기념관
261,https://cdn.visitkorea.or.kr/img/call?cmd=VIEW&id=50d43fec-97a7-4fb9-bb53-0cd98bdccacc,청하
262,https://cdn.visitkorea.or.kr/img/call?cmd=VIEW&id=173c1215-8b5f-410d-9f8d-23be7c79db6c,하늘공원
263,https://cdn.visitkorea.or.kr/img/call?cmd=VIEW&id=4c63def5-9552-482a-8bee-3c43ff88d30f,업사이드커피 뚝섬점
264,https://cdn.visitkorea.or.kr/img/call?cmd=VIEW&id=504e86a3-5a0d-439b-84eb-b8cf7db19d05,오엔엘
265,https://cdn.visitkorea.or.kr/img/call?cmd=VIEW&id=6b86d26f-5995-4fa0-8015-c81a68b961de,구욱희씨
266,https://cdn.visitkorea.or.kr/img/call?cmd=VIEW&id=01889eb4-cfc2-4a18-abe0-cad4c9371e67,10꼬르소꼬모 청담점
267,https://cdn.visitkorea.or.kr/img/call?cmd=VIEW&id=a68dc8ad-5c71-484f-ae31-41055bef5dac,리숨두부
268,https://cdn.visitkorea.or.kr/img/call?cmd=VIEW&id=7c04939e-5d95-4c23-97db-3eced62f597b,라프레플루트
269,https://cdn.visitkorea.or.kr/img/call?cmd=VIEW&id=4b41e1d7-bbb2-4238-96fc-a6ef6d48a957,피키니키 라자냐
270,https://cdn.visitkorea.or.kr/img/call?cmd=VIEW&id=7d94feb9-c083-4c4e-8974-594106feda3d,톤업
271,https://cdn.visitkorea.or.kr/img/call?cmd=VIEW&id=5824e117-d392-4351-be34-d31d53091dea,메이플탑
272,https://cdn.visitkorea.or.kr/img/call?cmd=VIEW&id=8bce35a9-7008-4a24-b5bf-bd050f329bc1,세스크 멘슬
273,https://cdn.visitkorea.or.kr/img/call?cmd=VIEW&id=8066e02a-c84a-449a-b678-01e2e94eacc5,챔프커피 2작업실
274,https://cdn.visitkorea.or.kr/img/call?cmd=VIEW&id=5a75d625-95d1-40be-a1eb-ee4749cd61d8,외고집설렁탕
275,https://cdn.visitkorea.or.kr/img/call?cmd=VIEW&id=21ba0da5-3c81-49b0-a4c3-76480c0d734d,진수사
276,https://cdn.visitkorea.or.kr/img/call?cmd=VIEW&id=8457a477-e877-4637-9882-94092e2ba13c,엘더버거
277,https://cdn.visitkorea.or.kr/img/call?cmd=VIEW&id=7d6010d4-6ee3-477d-a171-f01de907586a,굿갓레스토랑 성수역점
278,https://cdn.visitkorea.or.kr/img/call?cmd=VIEW&id=7f6d50b6-1257-4f72-b837-bb183febf295,오프트
279,https://cdn.visitkorea.or.kr/img/call?cmd=VIEW&id=e640403b-5260-4088-ab47-fd050c833901,까폼
280,https://cdn.visitkorea.or.kr/img/call?cmd=VIEW&id=abbf5379-c545-406c-9e11-087697c7ef93,스파어바인
281,https://cdn.visitkorea.or.kr/img/call?cmd=VIEW&id=b5524627-8122-46f3-befc-40830b6a0962,피자시즌
282,https://cdn.visitkorea.or.kr/img/call?cmd=VIEW&id=a5de3f21-8273-4609-b1dc-70b18d43d3c0,BBC
283,https://cdn.visitkorea.or.kr/img/call?cmd=VIEW&id=456de350-9459-47fb-84b8-a5bc03631077,오프커피
284,https://cdn.visitkorea.or.kr/img/call?cmd=VIEW&id=e4f48ad9-3913-4c43-bdfd-ef247a934b4e,mtl 효창
285,https://cdn.visitkorea.or.kr/img/call?cmd=VIEW&id=8c8a9e44-d4f5-4c97-9751-7c61cf79cbe7,LOWIDE
286,https://cdn.visitkorea.or.kr/img/call?cmd=VIEW&id=693ad32b-ab42-4203-af93-cc3bafeb2535,쎄콩데live
287,https://cdn.visitkorea.or.kr/img/call?cmd=VIEW&id=90264853-08d4-4087-91f8-359d3113ed12,리슬한복
288,https://cdn.visitkorea.or.kr/img/call?cmd=VIEW&id=00e7ed36-ea76-4c9d-aad0-0ed27e59f6ee,방이시장
289,https://cdn.visitkorea.or.kr/img/call?cmd=VIEW&id=9541f493-af83-4d50-bcec-7da355e84d82,진미식당
290,https://cdn.visitkorea.or.kr/img/call?cmd=VIEW&id=fea2c49e-ac01-4e44-8ee3-825320cb59f9,모어딥 성수
291,https://cdn.visitkorea.or.kr/img/call?cmd=VIEW&id=002130c1-cdf1-413b-8cbf-4fba82a44bdf,HDD피자
292,https://cdn.visitkorea.or.kr/img/call?cmd=VIEW&id=73c1bb3a-572d-4b3c-ac9e-b4d07bb12b90,데일리 청담
293,https://cdn.visitkorea.or.kr/img/call?cmd=VIEW&id=81d4e6ab-6a20-4140-bc3f-9c74f6a27ee3,충우곤충박물관
294,https://cdn.visitkorea.or.kr/img/call?cmd=VIEW&id=2e146607-f865-4028-86cf-b45186458b3f,위드번
295,https://cdn.visitkorea.or.kr/img/call?cmd=VIEW&id=ae6ab3d7-00f5-4bf6-b1a9-faf51489d26d,성북동성당
296,https://cdn.visitkorea.or.kr/img/call?cmd=VIEW&id=b45d1d16-3211-4dd1-a392-034908452f25,꾸띠자르당
297,https://cdn.visitkorea.or.kr/img/call?cmd=VIEW&id=b6560a26-427e-4f82-a451-ebef68ca0a77,청담영양센터
298,https://cdn.visitkorea.or.kr/img/call?cmd=VIEW&id=1a905df1-cd17-404c-b66c-55ce420afeb2,티룸
299,https://cdn.visitkorea.or.kr/img/call?cmd=VIEW&id=a05c4de8-9681-4bfb-af76-5bd414d3d19d,어썸로즈
300,https://cdn.visitkorea.or.kr/img/call?cmd=VIEW&id=ad248681-6213-4351-ba94-4cccca0d5052,니드스윗
301,https://cdn.visitkorea.or.kr/img/call?cmd=VIEW&id=449a3d33-0d50-4f18-aa50-558e4108aba5,러프러프
302,https://cdn.visitkorea.or.kr/img/call?cmd=VIEW&id=e0a8f9a9-e3dd-4fe8-b16c-8311da84a359,크레이트커피
303,https://cdn.visitkorea.or.kr/img/call?cmd=VIEW&id=557c9814-f3a6-4a62-8f4f-d2716389c7b5,철길왕갈비살
304,https://cdn.visitkorea.or.kr/img/call?cmd=VIEW&id=f9853a7c-6eb7-45ec-9339-d192809c71cd,로우키
305,https://cdn.visitkorea.or.kr/img/call?cmd=VIEW&id=7230f266-56ea-460e-93b3-911311a51c8d,뮤직컴플렉스 서울
306,https://cdn.visitkorea.or.kr/img/call?cmd=VIEW&id=f78ced89-da6b-41c4-8ef1-fbb312ee381d,루비떡볶이
307,https://cdn.visitkorea.or.kr/img/call?cmd=VIEW&id=70de1d37-18dd-4ad2-b8e6-c7c59a2d5f5d,남성사계시장
308,https://cdn.visitkorea.or.kr/img/call?cmd=VIEW&id=35c661ec-524b-47a4-8497-d5d9fdf44700,플로팅아일랜드
309,https://cdn.visitkorea.or.kr/img/call?cmd=VIEW&id=9a362a8b-7646-433b-a7b8-e8fed3db9c7f,퍼스트플러스에이드
310,https://cdn.visitkorea.or.kr/img/call?cmd=VIEW&id=e8c78cd4-60f7-407c-8b47-e1a2c468c682,콘래드서울 제스트
311,https://cdn.visitkorea.or.kr/img/call?cmd=VIEW&id=565e3405-a433-476b-9bc9-51e9af8d0e0d,K현대미술관
312,https://cdn.visitkorea.or.kr/img/call?cmd=VIEW&id=eda77b74-8f1d-43e1-b6a0-0341906b5a59,훔볼트
313,https://cdn.visitkorea.or.kr/img/call?cmd=VIEW&id=ec4b4697-332d-4df8-8327-067b011e8b80,정릉시장
314,https://cdn.visitkorea.or.kr/img/call?cmd=VIEW&id=8103e083-429b-4381-b150-df0506c8102b,영등포전통시장
315,https://cdn.visitkorea.or.kr/img/call?cmd=VIEW&id=c5ef6c0d-10c7-421a-a148-e5b53280740b,앤헤이븐
316,https://cdn.visitkorea.or.kr/img/call?cmd=VIEW&id=87a0cf87-a39d-4e24-be7a-10104dfe6228,금돼지식당
317,https://cdn.visitkorea.or.kr/img/call?cmd=VIEW&id=e3a3fdc5-a7c1-4f61-a8a0-40c8aaf0f582,클럽케이서울
318,https://cdn.visitkorea.or.kr/img/call?cmd=VIEW&id=a89e9b5a-ede7-4b87-a19b-3afacb8d6dcf,오류시장
319,https://cdn.visitkorea.or.kr/img/call?cmd=VIEW&id=3b2410cb-94ac-4136-9c53-d310517c5c11,camouflage coffee
320,https://cdn.visitkorea.or.kr/img/call?cmd=VIEW&id=c60fd96b-a6c2-4816-9d12-1db26b7f2cfa,프롤라
321,https://cdn.visitkorea.or.kr/img/call?cmd=VIEW&id=74509819-31d1-4ecf-9e44-caab53cf1a87,후암거실
322,https://cdn.visitkorea.or.kr/img/call?cmd=VIEW&id=72b61c0e-697f-4e55-abb0-c26c303289f8,신의주찹쌀순대
323,https://cdn.visitkorea.or.kr/img/call?cmd=VIEW&id=cb0d7a24-7e70-408a-90d0-27e7c38e07a8,닭으로가 압구정본점
324,https://cdn.visitkorea.or.kr/img/call?cmd=VIEW&id=a0c1d6ec-a0e5-4675-b4a3-78fb95ff43d2,오와리 본점
325,https://cdn.visitkorea.or.kr/img/call?cmd=VIEW&id=3238f52c-5ef1-4f21-809a-cf57afa4a0fb,짱이네 산곰장어
326,https://cdn.visitkorea.or.kr/img/call?cmd=VIEW&id=87b66ae7-7474-4eef-827b-47e301f73d39,카페 토다
327,https://cdn.visitkorea.or.kr/img/call?cmd=VIEW&id=a4e9680a-6ff0-4c62-8276-0577e884cc08,메쉬커피
328,https://cdn.visitkorea.or.kr/img/call?cmd=VIEW&id=705ed836-a4ee-4169-89f3-d3a5e317e2fa,맥심플랜트
329,https://cdn.visitkorea.or.kr/img/call?cmd=VIEW&id=faf6ea23-34c2-41f7-975c-9883279639c8,쌈지 어린이공원
330,https://cdn.visitkorea.or.kr/img/call?cmd=VIEW&id=99289a8f-75f6-432b-bd3d-f37376dda96a,가락몰
331,https://cdn.visitkorea.or.kr/img/call?cmd=VIEW&id=24927d73-05ca-4f3c-9b5c-aded3ecedb09,방이동 고분공원
332,https://cdn.visitkorea.or.kr/img/call?cmd=VIEW&id=4e97bb37-343e-492a-8146-cd8afc3d8db6,시민청
333,https://cdn.visitkorea.or.kr/img/call?cmd=VIEW&id=c039e02e-df01-4ffb-937d-2242ce612e08,고당기념관
334,https://cdn.visitkorea.or.kr/img/call?cmd=VIEW&id=5fd105f1-28de-4377-873f-c64037636bc5,으뜸횟집
335,https://cdn.visitkorea.or.kr/img/call?cmd=VIEW&id=50ff8f8d-2d27-42ac-b347-6ff0cf1f31f7,사당시장
336,https://cdn.visitkorea.or.kr/img/call?cmd=VIEW&id=48806adf-c9c1-4ce3-b982-bd2c525b6a84,뚝섬 한강공원 엑스게임장
337,https://cdn.visitkorea.or.kr/img/call?cmd=VIEW&id=1b0fd308-9db2-4b66-b116-5dd3cf1e580a,서울함공원
338,https://cdn.visitkorea.or.kr/img/call?cmd=VIEW&id=29e67872-9f65-447e-9818-f4fc61e83654,더현대 서울
339,https://cdn.visitkorea.or.kr/img/call?cmd=VIEW&id=48cf9d62-d58d-418d-bcfd-9255cc2f5d66,르뺑블랑
340,https://cdn.visitkorea.or.kr/img/call?cmd=VIEW&id=09171788-5e18-4117-ad1a-54ec354c796a,에버그린
341,https://cdn.visitkorea.or.kr/img/call?cmd=VIEW&id=a91e3372-7924-4ca7-9dbe-a4ef342bb11c,남산순환나들길
342,https://cdn.visitkorea.or.kr/img/call?cmd=VIEW&id=cf7b02c4-9551-4341-af7f-15f24c4098b0,커피프릭스
343,https://cdn.visitkorea.or.kr/img/call?cmd=VIEW&id=198dfc52-074b-4715-85f4-be45ea4ea1af,홍바이
344,https://cdn.visitkorea.or.kr/img/call?cmd=VIEW&id=c94d3c47-8cdb-4a86-a2d2-c42a0a17407a,농축원
345,https://cdn.visitkorea.or.kr/img/call?cmd=VIEW&id=f4a58e48-a6b1-4842-94b8-98a003efa27e,M컨템포러리
346,https://cdn.visitkorea.or.kr/img/call?cmd=VIEW&id=3fad51af-5cb4-4fb3-999b-ff736556b20e,LW컨벤션
347,https://cdn.visitkorea.or.kr/img/call?cmd=VIEW&id=f02884e6-e2fa-41ef-b55b-75d8f89e29cd,글로브 비스트로
348,https://cdn.visitkorea.or.kr/img/call?cmd=VIEW&id=bf3cce75-2555-4834-a7aa-70e19d8619ca,서울혁신파크
349,https://cdn.visitkorea.or.kr/img/call?cmd=VIEW&id=6c2ea96c-9f3b-4bcc-9410-2617993d0ae1,프레딧샵
350,https://cdn.visitkorea.or.kr/img/call?cmd=VIEW&id=54617113-cbee-44ef-98d0-ef94521ca4ac,공기(Gongi)
351,https://cdn.visitkorea.or.kr/img/call?cmd=VIEW&id=f586db19-73d7-46cd-9549-aa69b7f93ff7,신대방 닭갈비구이
352,https://cdn.visitkorea.or.kr/img/call?cmd=VIEW&id=80e7282c-e3b2-4fe2-abbb-9e19f4293d15,새봄떡국국수
353,https://cdn.visitkorea.or.kr/img/call?cmd=VIEW&id=0eaa03c8-9ffa-4a3f-b7de-971599fd82e0,독산 근린공원
354,https://cdn.visitkorea.or.kr/img/call?cmd=VIEW&id=eeb80eb7-7907-405d-b38b-b92d70c5face,뚝섬 한강공원 벽천마당
355,https://cdn.visitkorea.or.kr/img/call?cmd=VIEW&id=f787617d-b961-42fc-ae9e-35ede230ce3d,툇마루밥상
356,https://cdn.visitkorea.or.kr/img/call?cmd=VIEW&id=b3da4c9a-812d-4dc3-8858-f0cdd6769ed0,원조남산왕돈까스
357,https://cdn.visitkorea.or.kr/img/call?cmd=VIEW&id=641fe9d9-96a2-4bcd-a2e4-b7e1a886ad0e,인크커피 가산점
358,https://cdn.visitkorea.or.kr/img/call?cmd=VIEW&id=1258d586-7de1-4445-a92c-59f326936422,금룡
359,https://cdn.visitkorea.or.kr/img/call?cmd=VIEW&id=8642190a-3012-4650-bf8d-860807ff1025,학동공원
360,https://cdn.visitkorea.or.kr/img/call?cmd=VIEW&id=f6de2ea0-a1bb-4f99-a4b8-7ffcb05177af,신사시장
361,https://cdn.visitkorea.or.kr/img/call?cmd=VIEW&id=7e44e643-e289-497a-b1a0-f315d0220dda,생명과학박물관
362,https://cdn.visitkorea.or.kr/img/call?cmd=VIEW&id=1099ba37-36cd-4e40-9518-c756350efdd7,밀란국수 개포본점
363,https://cdn.visitkorea.or.kr/img/call?cmd=VIEW&id=054d4abe-cc49-4d02-a3de-7dff51e2eddd,통의동 국빈관
364,https://cdn.visitkorea.or.kr/img/call?cmd=VIEW&id=692378af-5dcf-43b2-8c36-12924bd1cb30,푸드떼
365,https://cdn.visitkorea.or.kr/img/call?cmd=VIEW&id=b0c55e92-0c18-4fe1-bed4-3af9d09edef6,정동1928아트센터
366,https://cdn.visitkorea.or.kr/img/call?cmd=VIEW&id=cae1cb1b-bddd-466a-9ed1-8d28e08f05e3,용두동쭈꾸미 본점
367,https://cdn.visitkorea.or.kr/img/call?cmd=VIEW&id=c8e86b16-50d4-41a7-9ed9-b4635853a988,은평역사한옥박물관
368,https://cdn.visitkorea.or.kr/img/call?cmd=VIEW&id=23bbeeff-645f-4760-aace-d341844f9962,스케줄청담
369,https://cdn.visitkorea.or.kr/img/call?cmd=VIEW&id=ac0a9df7-fc1c-4ae7-bbd5-06a207ac8fc4,레이지파머스
370,https://cdn.visitkorea.or.kr/img/call?cmd=VIEW&id=f329dfe0-58e3-4a53-a2b3-f3f4670d6e30,종이잡지클럽
371,https://cdn.visitkorea.or.kr/img/call?cmd=VIEW&id=f6d40726-3654-4e8b-a6c3-a1ec18c47ee2,불광사
372,https://cdn.visitkorea.or.kr/img/call?cmd=VIEW&id=02261f1d-3cc9-44e0-82e8-317c6d0616f2,알디프 티 바
373,https://cdn.visitkorea.or.kr/img/call?cmd=VIEW&id=abe2775b-7317-42ea-a897-ce9c92f9ccb0,복돈이 부추삼겹살
374,https://cdn.visitkorea.or.kr/img/call?cmd=VIEW&id=b1e506d5-4fef-4e98-98c6-dc7affe67b58,광장동 가온
375,https://cdn.visitkorea.or.kr/img/call?cmd=VIEW&id=71b71278-b308-4c9d-bc7e-19d176e32df3,런던베이글뮤지엄
376,https://cdn.visitkorea.or.kr/img/call?cmd=VIEW&id=36b0f12a-3984-4b2d-bec3-c3559e0043d4,우리유황온천
377,https://cdn.visitkorea.or.kr/img/call?cmd=VIEW&id=986709b7-fec9-4fdd-a85f-428092e132a5,코오롱스포츠 솟솟618점
378,https://cdn.visitkorea.or.kr/img/call?cmd=VIEW&id=dabd9979-15ec-49bf-b3e1-b8361332c7fb,오프컬리
379,https://cdn.visitkorea.or.kr/img/call?cmd=VIEW&id=48b6e77c-f156-4743-b398-21a28dd3f7f0,라뽀즈
380,https://cdn.visitkorea.or.kr/img/call?cmd=VIEW&id=67e319a4-9ad4-4474-81a3-7365882985b5,예린당 바이 버틀러리
381,https://cdn.visitkorea.or.kr/img/call?cmd=VIEW&id=b33b877b-90dd-45e9-ad3e-2a3b4581bfce,흑돈가 명동
382,https://cdn.visitkorea.or.kr/img/call?cmd=VIEW&id=9feb68bf-cec3-4999-97ab-f1a3751b564b,세븐럭카지노(서울드래곤시티점)
383,https://cdn.visitkorea.or.kr/img/call?cmd=VIEW&id=96a0ba9b-6a09-4f08-9aee-5de266fbc70f,김삼보김치찌개
384,https://cdn.visitkorea.or.kr/img/call?cmd=VIEW&id=4391228e-a424-4258-8291-c6f6df610e3e,어쩌다 산책
385,https://cdn.visitkorea.or.kr/img/call?cmd=VIEW&id=4714bfeb-4701-4465-ab24-1904888dc61b,더 페이머스 버거
386,https://cdn.visitkorea.or.kr/img/call?cmd=VIEW&id=c0d3075c-19b6-4ac4-97ae-680ae1be8420,그레이트캠프X쿤캣가든
387,https://cdn.visitkorea.or.kr/img/call?cmd=VIEW&id=875e2e66-29b8-48f0-9350-b42b8b66fc86,래리더버드
388,https://cdn.visitkorea.or.kr/img/call?cmd=VIEW&id=e7699a40-6543-47ca-9e05-bab260fc1500,릴즈
389,https://cdn.visitkorea.or.kr/img/call?cmd=VIEW&id=d495c24f-d207-4ca0-9a6e-10eda38ddcde,초승달
390,https://cdn.visitkorea.or.kr/img/call?cmd=VIEW&id=8f90e1b2-2054-4c53-875b-0ec28319bcc0,르몽블랑
391,https://cdn.visitkorea.or.kr/img/call?cmd=VIEW&id=d681f439-7d1a-4d02-a8db-0149abd6edce,천왕산 가족캠핑장
392,https://cdn.visitkorea.or.kr/img/call?cmd=VIEW&id=58659571-604d-43ed-b181-159c16c1173c,고흥순대국머리고기 본점
393,https://cdn.visitkorea.or.kr/img/call?cmd=VIEW&id=91d23a9c-46ef-4308-85f0-05b34b564a98,강가네돌솥밥추어탕
394,https://cdn.visitkorea.or.kr/img/call?cmd=VIEW&id=5b06faeb-da85-4fe6-b73c-c9486e0624c7,진돈부리
395,https://cdn.visitkorea.or.kr/img/call?cmd=VIEW&id=4e2e0463-0ef0-4f72-b3e9-7008d85dbd84,여기가전집
396,https://cdn.visitkorea.or.kr/img/call?cmd=VIEW&id=955e3294-d8a7-4876-bcb3-c6e633aefe2a,청록양식
397,https://cdn.visitkorea.or.kr/img/call?cmd=VIEW&id=1866ad86-0873-4fa6-982c-aaac617cfaa6,유정식당
398,https://cdn.visitkorea.or.kr/img/call?cmd=VIEW&id=263cb775-f498-42c4-a28c-3bb1640e1ef2,램니쿠야 둔천2호점
399,https://cdn.visitkorea.or.kr/img/call?cmd=VIEW&id=f3e54ab1-c783-491c-9f4e-4bb36bbb77bb,혜화도담
400,https://cdn.visitkorea.or.kr/img/call?cmd=VIEW&id=ddade75d-0489-4abe-9b72-7d258d925d45,오류동역광장
401,https://cdn.visitkorea.or.kr/img/call?cmd=VIEW&id=09764f1c-93e5-4163-9340-d720e9100917,아만티호텔서울
402,https://cdn.visitkorea.or.kr/img/call?cmd=VIEW&id=b67cc9df-6834-4983-9136-6c54e67eb62c,다락원 체육공원 배드민턴장
403,https://cdn.visitkorea.or.kr/img/call?cmd=VIEW&id=7720bdce-f787-407f-9da7-1628155c4228,긴고랑 공원
404,https://cdn.visitkorea.or.kr/img/call?cmd=VIEW&id=7ba650fb-93f0-4045-8c3c-dbd4875dead7,라임
405,https://cdn.visitkorea.or.kr/img/call?cmd=VIEW&id=f7944d9c-ceac-4823-8717-bd6d700c564b,상계중앙시장
406,https://cdn.visitkorea.or.kr/img/call?cmd=VIEW&id=90091373-2b28-407a-b51b-2f8688d55c6a,어린이회관
407,https://cdn.visitkorea.or.kr/img/call?cmd=VIEW&id=da6f7328-32f1-4b4a-be92-0d351c9d2400,매일낙지
408,https://cdn.visitkorea.or.kr/img/call?cmd=VIEW&id=d61642da-7509-47b8-ae02-4eb5e043a513,동작청소년문화의집
409,https://cdn.visitkorea.or.kr/img/call?cmd=VIEW&id=1bd33678-89d3-4a11-bda6-9ffd2b046c92,온정돈까스
410,https://cdn.visitkorea.or.kr/img/call?cmd=VIEW&id=776dd7f4-2966-498e-acea-bb720e26e8f2,아이유푸드
411,https://cdn.visitkorea.or.kr/img/call?cmd=VIEW&id=41fe20f9-b4c6-4e00-9fac-165199e26aef,트레블로지 동대문 호텔
412,https://cdn.visitkorea.or.kr/img/call?cmd=VIEW&id=52a9dc08-2b58-44bd-8024-8697ef02a241,노원 불빛정원
413,https://cdn.visitkorea.or.kr/img/call?cmd=VIEW&id=b6469005-2dfe-417f-ad26-2279b20556ec,법안정사
414,https://cdn.visitkorea.or.kr/img/call?cmd=VIEW&id=b6134e9f-4b22-4dc5-97e0-b02bf1e5aae3,봉천중앙시장
415,https://cdn.visitkorea.or.kr/img/call?cmd=VIEW&id=5cd5045a-5177-4924-a38e-4c180102a7ae,평화잔디광장
416,https://cdn.visitkorea.or.kr/img/call?cmd=VIEW&id=f6ecc259-4162-49b4-821a-6d578dbd4fd8,가락수산시장
417,https://cdn.visitkorea.or.kr/img/call?cmd=VIEW&id=0408ccba-d2ec-4a0a-89be-e305cf6bd510,진가
418,https://cdn.visitkorea.or.kr/img/call?cmd=VIEW&id=9f81e5d0-bc2b-460d-96a9-5859ea110d6a,화폐박물관
419,https://cdn.visitkorea.or.kr/img/call?cmd=VIEW&id=6170cf26-56b4-4870-bef4-b84494773b92,뚝섬 전망 문화 콤플렉스
420,https://cdn.visitkorea.or.kr/img/call?cmd=VIEW&id=bff02a8d-0192-4e6c-8a1a-6194dd2b0552,스위트파크 롯데 어린이 식품체험관
421,https://cdn.visitkorea.or.kr/img/call?cmd=VIEW&id=6cb7a0f8-e731-41a5-a394-a56870e709b4,백마김씨네 도곡본점
422,https://cdn.visitkorea.or.kr/img/call?cmd=VIEW&id=155b79db-31d9-4198-bd92-5cd9d5812604,전태일동상
423,https://cdn.visitkorea.or.kr/img/call?cmd=VIEW&id=f993769b-1d42-4192-ab37-001906c05450,호스텔코리아 11th 창덕궁점
424,https://cdn.visitkorea.or.kr/img/call?cmd=VIEW&id=a89f4056-4ddb-47eb-a6c6-99d9d5d6c72b,평화의공원
425,https://cdn.visitkorea.or.kr/img/call?cmd=VIEW&id=23a6e5f2-1fcd-4311-9b13-20b93fbbd91c,인헌시장
426,https://cdn.visitkorea.or.kr/img/call?cmd=VIEW&id=376e00a9-1ef8-4d20-a8b6-b8cc94a6e3a5,모스가든
427,https://cdn.visitkorea.or.kr/img/call?cmd=VIEW&id=ad27c811-3a6e-4c8f-9c2d-409d06c99d28,유나이티드갤러리
428,https://cdn.visitkorea.or.kr/img/call?cmd=VIEW&id=aba1081d-358d-40b7-a97d-f9093ba4a328,인왕산국사당
429,https://cdn.visitkorea.or.kr/img/call?cmd=VIEW&id=f32d48f2-3c0b-4280-bfd9-e8c04eedef53,청계광장
430,https://cdn.visitkorea.or.kr/img/call?cmd=VIEW&id=dd37c3e8-8524-4d02-9b98-b0b45641fc3e,성심사
431,https://cdn.visitkorea.or.kr/img/call?cmd=VIEW&id=30d5e671-37e3-43bf-a424-e3c758fdcae7,불암산종합스타디움
432,https://cdn.visitkorea.or.kr/img/call?cmd=VIEW&id=6a249449-6e2c-4d8c-a1e6-28cb821c087a,소나무집
433,https://cdn.visitkorea.or.kr/img/call?cmd=VIEW&id=ea5f15f0-39c4-4c27-a096-d29fa66e3d3e,백제초기적석총
434,https://cdn.visitkorea.or.kr/img/call?cmd=VIEW&id=4c955b0a-a75e-4406-97da-62b873d715a4,주은감자탕
435,https://cdn.visitkorea.or.kr/img/call?cmd=VIEW&id=c1a450ff-c376-4354-a5c1-3efdaae34796,간데메공원
436,https://cdn.visitkorea.or.kr/img/call?cmd=VIEW&id=e1ea7b3a-3fbe-487b-b16a-d04d4a0f05ff,본가설렁탕
437,https://cdn.visitkorea.or.kr/img/call?cmd=VIEW&id=4a65cef4-d7e0-4d16-bc67-61129d3a874f,우면산자연생태공원
438,https://cdn.visitkorea.or.kr/img/call?cmd=VIEW&id=5bafe96c-8861-4d60-9fa1-f2c03fe218bb,한국순대(서초구)
439,https://cdn.visitkorea.or.kr/img/call?cmd=VIEW&id=3798fe84-f02f-425f-856a-32e8244bcb78,이모네순대국
440,https://cdn.visitkorea.or.kr/img/call?cmd=VIEW&id=8655bb53-7134-4be5-8fff-4b3754d29423,잠실유수지공원
441,https://cdn.visitkorea.or.kr/img/call?cmd=VIEW&id=c44b219f-bbdb-4713-a7ec-f6ed276226a4,밤나무골시장
442,https://cdn.visitkorea.or.kr/img/call?cmd=VIEW&id=0fcb3f52-3dce-4825-8655-800de0d2d1e7,삼룡사
443,https://cdn.visitkorea.or.kr/img/call?cmd=VIEW&id=1ca93171-0fb9-423e-9f80-c487c3a5a986,양재근린공원
444,https://cdn.visitkorea.or.kr/img/call?cmd=VIEW&id=c29db8e8-2551-421a-b00a-df2121c40cef,서울볼더스클라이밍컴퍼니
445,https://cdn.visitkorea.or.kr/img/call?cmd=VIEW&id=4a303001-ebe0-4d9c-868b-0a3ebfda784b,슈타인도르프
446,https://cdn.visitkorea.or.kr/img/call?cmd=VIEW&id=b6e1296a-2782-4900-bcd3-ecbd323ef279,인왕산 더숲 초소책방
447,https://cdn.visitkorea.or.kr/img/call?cmd=VIEW&id=648e3048-3cf6-4051-abeb-49efd11cbf8a,더 스팟 패뷸러스
448,https://cdn.visitkorea.or.kr/img/call?cmd=VIEW&id=c22f38e3-81d3-42e4-bf3f-f70a1940f104,네츄럴 스파 블랑
449,https://cdn.visitkorea.or.kr/img/call?cmd=VIEW&id=5bdb4d72-f10b-495c-a797-0e42f45dd8ad,작은공간
450,https://cdn.visitkorea.or.kr/img/call?cmd=VIEW&id=9f3223fa-6d73-49f7-8b1d-0c82041161be,롤파크
451,https://cdn.visitkorea.or.kr/img/call?cmd=VIEW&id=cacd705f-c814-4dcc-978a-9d6a78547998,용산역광장
452,https://cdn.visitkorea.or.kr/img/call?cmd=VIEW&id=e3cfe889-30f8-4ed3-aeba-4944ad54ced3,만리시장
453,https://cdn.visitkorea.or.kr/img/call?cmd=VIEW&id=cb76f9a0-1cef-4932-a79b-fcfc5ac08f1d,서소문성지역사박물관
454,https://cdn.visitkorea.or.kr/img/call?cmd=VIEW&id=75689d16-0a81-4fd3-96ca-10eefb62f52f,영동민물장어
455,https://cdn.visitkorea.or.kr/img/call?cmd=VIEW&id=b872bbe0-4201-497a-8165-75cbd7e1effc,갓잇
456,https://cdn.visitkorea.or.kr/img/call?cmd=VIEW&id=c97ac1e2-e407-41e0-9bdf-806f1733d24c,신사공원
457,https://cdn.visitkorea.or.kr/img/call?cmd=VIEW&id=ca07df30-97b5-44e7-84f6-4ebe7ed7a26a,은곡마을공원
458,https://cdn.visitkorea.or.kr/img/call?cmd=VIEW&id=6844b997-6402-4065-b28e-cb7c4cb8896f,신대성각
459,https://cdn.visitkorea.or.kr/img/call?cmd=VIEW&id=942e3506-afed-49be-8ac5-2712e8588d6d,쑤쑤타이
460,https://cdn.visitkorea.or.kr/img/call?cmd=VIEW&id=864caf58-f052-48db-8883-f2996c2d7bfb,맥파이앤타이거 성수티룸
461,https://cdn.visitkorea.or.kr/img/call?cmd=VIEW&id=12497bae-11a4-45b9-b0d3-1c5a89447438,암사종합시장
462,https://cdn.visitkorea.or.kr/img/call?cmd=VIEW&id=43ac6c0c-4c0c-446c-bb49-cc18bf1aad0e,1940금문
463,https://cdn.visitkorea.or.kr/img/call?cmd=VIEW&id=67b97b50-be20-4cd8-90ef-bdf990cfeaae,서울리즘
464,https://cdn.visitkorea.or.kr/img/call?cmd=VIEW&id=e5544c3f-cf0f-4afb-bffb-bb192b6dd184,이리루 한옥부틱게스트하우스[한국관광 품질인증/Korea Quality]
465,https://cdn.visitkorea.or.kr/img/call?cmd=VIEW&id=a191092d-4e98-4390-8974-392a2908df61,봉브라더스 본점
466,https://cdn.visitkorea.or.kr/img/call?cmd=VIEW&id=8db20a6f-ea30-45a2-907d-4dc3ce92d9ea,해봉정육
467,https://cdn.visitkorea.or.kr/img/call?cmd=VIEW&id=5d671ed1-4591-4018-acf1-201d62bc46ea,잠실야구장
468,https://cdn.visitkorea.or.kr/img/call?cmd=VIEW&id=76a6af57-2b70-4d8b-b094-67f5f00296fb,종로3가 까페솜붕아 본점
469,https://cdn.visitkorea.or.kr/img/call?cmd=VIEW&id=d58883b4-6b86-4f90-8b57-78f226b51e89,호랑이
470,https://cdn.visitkorea.or.kr/img/call?cmd=VIEW&id=41fcb7c7-f57a-4e62-8195-945ff52928ec,설화수 플래그십 스토어
471,https://cdn.visitkorea.or.kr/img/call?cmd=VIEW&id=f005cec9-c57f-4aeb-9f8e-0706c464aad9,대우부대찌개
472,https://cdn.visitkorea.or.kr/img/call?cmd=VIEW&id=66a47888-a289-4c66-8485-bb06eb83f03a,PKM갤러리
473,https://cdn.visitkorea.or.kr/img/call?cmd=VIEW&id=af1b55d4-bc18-4ded-b736-78f5357fee76,돈덩어리
474,https://cdn.visitkorea.or.kr/img/call?cmd=VIEW&id=800c7e27-6408-413c-b65a-7c210b86c58d,프레젠트모먼트
475,https://cdn.visitkorea.or.kr/img/call?cmd=VIEW&id=01eee776-8832-4a9a-8dfd-f5268c50ae13,제스티살룬 연남
476,https://cdn.visitkorea.or.kr/img/call?cmd=VIEW&id=75e704eb-c1ea-4d35-946b-36895149829e,뿡어당
477,https://cdn.visitkorea.or.kr/img/call?cmd=VIEW&id=8df156fd-a0b7-4fea-8b8a-4c74cccf694b,소금집델리 안국
478,https://cdn.visitkorea.or.kr/img/call?cmd=VIEW&id=1a6cc906-3f80-4bf8-b7b9-0e09cc0f2b77,묘사서울
479,https://cdn.visitkorea.or.kr/img/call?cmd=VIEW&id=0c222aec-aefc-4b02-9dfd-5601210f4dee,정애쿠키
480,https://cdn.visitkorea.or.kr/img/call?cmd=VIEW&id=ed1598f3-cb22-428c-8fe6-6c075f09aa4e,스페이스K
481,https://cdn.visitkorea.or.kr/img/call?cmd=VIEW&id=2d9dbdf5-13fd-4843-bf52-f122849e98e6,KBS온
482,https://cdn.visitkorea.or.kr/img/call?cmd=VIEW&id=994c1207-eb89-4425-ae05-53348ac77723,아차산배수지체육공원
483,https://cdn.visitkorea.or.kr/img/call?cmd=VIEW&id=faaf7b93-895f-49d5-9e83-10eed459344b,영동설렁탕
484,https://cdn.visitkorea.or.kr/img/call?cmd=VIEW&id=7e783773-3b8a-4e77-adb1-e3a2f65bddc2,뚝도시장
485,https://cdn.visitkorea.or.kr/img/call?cmd=VIEW&id=329d9485-6c23-45bb-b643-b61c5d134b46,골목집
486,https://cdn.visitkorea.or.kr/img/call?cmd=VIEW&id=085f51c9-7bee-44d7-9ba6-29f3c4dfbbed,티테라피
487,https://cdn.visitkorea.or.kr/img/call?cmd=VIEW&id=527fc9f0-7d3d-45d8-81f5-ca2ce74b58d1,영화장
488,https://cdn.visitkorea.or.kr/img/call?cmd=VIEW&id=f9f7fb7e-3da0-4b2b-b55a-9066fb4d74d1,철계단집
489,https://cdn.visitkorea.or.kr/img/call?cmd=VIEW&id=1336bd1b-3174-40fa-bd74-8839248f7b1d,타볼로24
490,https://cdn.visitkorea.or.kr/img/call?cmd=VIEW&id=1b27719c-b030-48c5-96d2-34b692de6bb4,창신동매운족발 본점
491,https://cdn.visitkorea.or.kr/img/call?cmd=VIEW&id=be8b6781-e9aa-4071-bbe9-753d9160a75f,쭈꾸미킹2.0 상봉점
492,https://cdn.visitkorea.or.kr/img/call?cmd=VIEW&id=b5a19d9b-a9f5-46a0-9b24-4061eaca3218,계담다
493,https://cdn.visitkorea.or.kr/img/call?cmd=VIEW&id=ed6d398a-2883-4978-8641-0e6450381454,골든블루 키즈빌리지
494,https://cdn.visitkorea.or.kr/img/call?cmd=VIEW&id=7465272e-5d36-43f7-9be5-0a22ac5bf5f9,전주콩나물해장국
495,https://cdn.visitkorea.or.kr/img/call?cmd=VIEW&id=aa28602c-aace-4057-b9eb-3346c15e1f84,비비브라운
496,https://cdn.visitkorea.or.kr/img/call?cmd=VIEW&id=a25988c8-8b75-484e-ab6c-2eb89435229f,타우요가 청담 본사
497,https://cdn.visitkorea.or.kr/img/call?cmd=VIEW&id=8ea7bcd1-69b7-4b43-9d74-cba368b21cec,서울숲
498,https://cdn.visitkorea.or.kr/img/call?cmd=VIEW&id=63fa0985-5118-4f18-84c9-914cfde60744,북서울 꿈의숲
499,https://cdn.visitkorea.or.kr/img/call?cmd=VIEW&id=0158f3a4-1a3a-402c-8094-f26d3e8c987d,문화비축기지
500,https://cdn.visitkorea.or.kr/img/call?cmd=VIEW&id=d457897c-56a5-4649-8b5d-f63a6ace2f7f,돈의문박물관마을
501,https://cdn.visitkorea.or.kr/img/call?cmd=VIEW&id=349953ae-06a1-4381-8a75-fd43398c39a4,수유시장
502,https://cdn.visitkorea.or.kr/img/call?cmd=VIEW&id=5436a3f3-c7a9-494b-8275-c929d13f2c44,서울윈드서핑장
503,https://cdn.visitkorea.or.kr/img/call?cmd=VIEW&id=4bdb77db-b7b1-46cc-99c1-b131951fd562,에프마켓남부낚시
504,https://cdn.visitkorea.or.kr/img/call?cmd=VIEW&id=23d4f53e-a1b2-4ecc-9666-2132c1ed5584,카와카츠 본점
505,https://cdn.visitkorea.or.kr/img/call?cmd=VIEW&id=649dead0-5dd6-4d63-8b76-9024cb8200f7,동경
506,https://cdn.visitkorea.or.kr/img/call?cmd=VIEW&id=2cb7be3f-0388-4773-9414-f4715d03df87,대림어린이공원
507,https://cdn.visitkorea.or.kr/img/call?cmd=VIEW&id=1dd8055a-ef07-4ae2-a6c2-4ea113e9e1f6,1992남산돈까스
508,https://cdn.visitkorea.or.kr/img/call?cmd=VIEW&id=95377793-f6f9-4ae5-a296-3183e308a56f,대현산체육관
509,https://cdn.visitkorea.or.kr/img/call?cmd=VIEW&id=ab2ba36f-d91b-4565-b0c6-3fe439a84363,신평화패션타운
510,https://cdn.visitkorea.or.kr/img/call?cmd=VIEW&id=542df5aa-8c2e-4b50-8b66-c18baeff6942,서관면옥
511,https://cdn.visitkorea.or.kr/img/call?cmd=VIEW&id=966964f2-9541-4a20-a11d-d4757e1f2c35,암사선사유적박물관
512,https://cdn.visitkorea.or.kr/img/call?cmd=VIEW&id=78cdd282-aba0-49e1-bb08-7da835da0aaf,육전식당 1호점
513,https://cdn.visitkorea.or.kr/img/call?cmd=VIEW&id=b568abc3-4dfd-408a-b0cd-2d18b01613b5,성하
514,https://cdn.visitkorea.or.kr/img/call?cmd=VIEW&id=a07c0e7e-2669-4423-9fb6-509e9e0171f2,금남시장
515,https://cdn.visitkorea.or.kr/img/call?cmd=VIEW&id=e570a2c8-ee8d-4312-880b-40215da6f53a,쌍대포 맷돌순두부
516,https://cdn.visitkorea.or.kr/img/call?cmd=VIEW&id=fb615dde-1bf0-41c8-98a9-68df34f89300,팍인디아레스토랑
517,https://cdn.visitkorea.or.kr/img/call?cmd=VIEW&id=41c9168d-6113-4281-a01e-258a1ac9ec40,봉우리 역삼본점
518,https://cdn.visitkorea.or.kr/img/call?cmd=VIEW&id=7b53fbe0-a242-4826-908f-3c6e372c4c37,서울 원조할머니 떡볶이
519,https://cdn.visitkorea.or.kr/img/call?cmd=VIEW&id=745b8ba0-5786-40a7-84c2-738d6b14e961,쾨닉 서울
520,https://cdn.visitkorea.or.kr/img/call?cmd=VIEW&id=454cb1b6-23c2-4ab6-9ac7-8700ae93ec28,무수아취
521,https://cdn.visitkorea.or.kr/img/call?cmd=VIEW&id=66bb9469-eaa1-4e18-9729-615f9b259b87,용두동 쭈꾸미골목
522,https://cdn.visitkorea.or.kr/img/call?cmd=VIEW&id=ac2a9706-c295-4d5c-916f-46b0ad851225,여인숙
523,https://cdn.visitkorea.or.kr/img/call?cmd=VIEW&id=178f7687-e6da-412b-99d6-4056e3054174,독산동우시장
524,https://cdn.visitkorea.or.kr/img/call?cmd=VIEW&id=87955914-401e-4789-be48-cbca961a3495,예촌 본관
525,https://cdn.visitkorea.or.kr/img/call?cmd=VIEW&id=d410d623-b489-42b7-969b-b4263f3173fa,수성동계곡
526,https://cdn.visitkorea.or.kr/img/call?cmd=VIEW&id=66a63720-0cd6-43f3-b3b1-d1ac15c4c566,진미평양냉면
527,https://cdn.visitkorea.or.kr/img/call?cmd=VIEW&id=db217c44-05a5-405c-9b58-d33e7cde750f,우이시장
528,https://cdn.visitkorea.or.kr/img/call?cmd=VIEW&id=47b80159-dd11-4217-a9d9-fcb4c3285a2a,군산오징어본점
529,https://cdn.visitkorea.or.kr/img/call?cmd=VIEW&id=bdad44c9-d845-4443-b229-e00441c16544,영등포청과시장
530,https://cdn.visitkorea.or.kr/img/call?cmd=VIEW&id=71cab4df-4215-43cf-b42a-3998dc8b1957,보안1942
531,https://cdn.visitkorea.or.kr/img/call?cmd=VIEW&id=f56e7f2e-f452-44d4-97c1-fce79ff94a8a,역삼동성당
532,https://cdn.visitkorea.or.kr/img/call?cmd=VIEW&id=724e4675-cbeb-42c1-a2a5-43afb2ba6538,노원천문우주과학관
533,https://cdn.visitkorea.or.kr/img/call?cmd=VIEW&id=1685cbf1-9905-4643-982d-bfaa46b8b903,락고재 서울 북촌 한옥호텔[한국관광 품질인증/Korea Quality]
534,https://cdn.visitkorea.or.kr/img/call?cmd=VIEW&id=45e7af26-3591-41f1-9976-9f01b907536d,롯데월드타워 서울스카이
535,https://cdn.visitkorea.or.kr/img/call?cmd=VIEW&id=ae976fbd-709f-46e9-adb9-74e76f96857f,대치유수지체육공원
536,https://cdn.visitkorea.or.kr/img/call?cmd=VIEW&id=b0cb1054-f665-4827-8fff-42afb745330a,문래창작촌
537,https://cdn.visitkorea.or.kr/img/call?cmd=VIEW&id=2f9d5266-23f4-42b6-9798-afedfc483d62,반려문화
538,https://cdn.visitkorea.or.kr/img/call?cmd=VIEW&id=c76bc8fc-2c14-4bd6-9551-d542f8c53b15,목동종합운동장
539,https://cdn.visitkorea.or.kr/img/call?cmd=VIEW&id=bf6b208d-70fd-4941-b43b-02d5efd81ed2,여의도한강공원 멀티프라자
540,https://cdn.visitkorea.or.kr/img/call?cmd=VIEW&id=1278821c-ed6e-4876-a8a6-2375d879dd65,후암별채
541,https://cdn.visitkorea.or.kr/img/call?cmd=VIEW&id=79e8be5e-605a-4043-9ec2-9a998cb903b9,서울원조아구찜
542,https://cdn.visitkorea.or.kr/img/call?cmd=VIEW&id=f44c3cc7-e2b9-4973-b050-547db1bf58d9,청진옥
543,https://cdn.visitkorea.or.kr/img/call?cmd=VIEW&id=ea006d87-876b-423b-a5be-8d5fc4c69195,선바위(선암)
544,https://cdn.visitkorea.or.kr/img/call?cmd=VIEW&id=53cf7deb-f7f6-473f-8828-ec33e298c7e9,박노수미술관
545,https://cdn.visitkorea.or.kr/img/call?cmd=VIEW&id=f25221ae-0c34-4226-9914-a7ec32e815d6,윤동주문학관
546,https://cdn.visitkorea.or.kr/img/call?cmd=VIEW&id=d542c39c-d5b5-44ea-b56a-b60e8a7ab98d,서울특별시교육청과학전시관 남부분관
547,https://cdn.visitkorea.or.kr/img/call?cmd=VIEW&id=cb6b84d8-9a54-4dc9-8c3e-12c71004cf50,서리풀공원
548,https://cdn.visitkorea.or.kr/img/call?cmd=VIEW&id=5c704833-a9ac-4c91-bb24-eec769f6cafb,순교성지새남터기념성당
549,https://cdn.visitkorea.or.kr/img/call?cmd=VIEW&id=bdea99bd-c476-4db5-8f70-944a8a3443f0,강서한강공원
550,https://cdn.visitkorea.or.kr/img/call?cmd=VIEW&id=46abcea0-c6cd-4481-90cc-d78fa2a50098,컴플리트커피
551,https://cdn.visitkorea.or.kr/img/call?cmd=VIEW&id=f58fa413-bc5a-4ff8-9d3d-60b3a9a46bc6,빠리가옥
552,https://cdn.visitkorea.or.kr/img/call?cmd=VIEW&id=6cbd0af9-3329-416c-94f5-6e7ab3e37e98,베이스이즈나이스
553,https://cdn.visitkorea.or.kr/img/call?cmd=VIEW&id=274f9e4d-f136-4d41-8256-d1fcc12d55fc,보보식당
554,https://cdn.visitkorea.or.kr/img/call?cmd=VIEW&id=c42e1d35-1bbd-4102-9354-8ef9357f1824,북한산 큰숲 제빵소
555,https://cdn.visitkorea.or.kr/img/call?cmd=VIEW&id=51cf1c19-db99-4687-9417-71c523058799,아델라베일리
556,https://cdn.visitkorea.or.kr/img/call?cmd=VIEW&id=57788b98-31a1-43ea-b750-3aa687aae556,성수망치버거
557,https://cdn.visitkorea.or.kr/img/call?cmd=VIEW&id=0c839f30-2bc8-469f-831a-17307bd0a022,감도 성수점
558,https://cdn.visitkorea.or.kr/img/call?cmd=VIEW&id=680b1a53-f43c-4be4-8a3a-a8d70c8a7781,단일서울
559,https://cdn.visitkorea.or.kr/img/call?cmd=VIEW&id=b58b6e97-cae3-406e-9710-66ddcb9a56de,댓길
560,https://cdn.visitkorea.or.kr/img/call?cmd=VIEW&id=0068dc59-c1b3-4b86-9e67-1e549dd16739,연남토마 성수점
561,https://cdn.visitkorea.or.kr/img/call?cmd=VIEW&id=421c08c1-1898-4d0d-87b1-675dd8b9b98e,에르제 성수
562,https://cdn.visitkorea.or.kr/img/call?cmd=VIEW&id=425a078a-fc13-4138-a8e0-325c271a8ab4,대박낙소 성수점
563,https://cdn.visitkorea.or.kr/img/call?cmd=VIEW&id=9e945029-7a7e-46a2-9df7-092e6df968ff,문화식당
564,https://cdn.visitkorea.or.kr/img/call?cmd=VIEW&id=c628ed67-ee0a-4f41-ad8f-e792076017da,밀도 성수점
565,https://cdn.visitkorea.or.kr/img/call?cmd=VIEW&id=84b80f5f-003a-42ba-b13c-7ee7c47706ae,박가뼈다귀감자탕 묵동점
566,https://cdn.visitkorea.or.kr/img/call?cmd=VIEW&id=8978401f-3905-42fd-8318-4a80affb3fd6,땡스오트 연남
567,https://cdn.visitkorea.or.kr/img/call?cmd=VIEW&id=f5dd65e8-762a-4204-87f6-348f8bfd24ee,강수사
568,https://cdn.visitkorea.or.kr/img/call?cmd=VIEW&id=9b761526-3b35-46af-af71-654670cd8756,르한스
569,https://cdn.visitkorea.or.kr/img/call?cmd=VIEW&id=6580bcbe-279b-4c8d-98b4-ad48bdf30ef3,구강사
570,https://cdn.visitkorea.or.kr/img/call?cmd=VIEW&id=033c7210-01d2-4b94-a421-9347d58c2ca0,함흥면옥 압구정점
571,https://cdn.visitkorea.or.kr/img/call?cmd=VIEW&id=babdff11-2e23-463c-878b-1ea30bea1c0d,톡톡
572,https://cdn.visitkorea.or.kr/img/call?cmd=VIEW&id=b618a954-0afa-4a94-912b-e2c351c4a7ea,쵸이닷
573,https://cdn.visitkorea.or.kr/img/call?cmd=VIEW&id=a74b7c07-451f-43a9-8924-400e0ae3a197,청담고수 청담점
574,https://cdn.visitkorea.or.kr/img/call?cmd=VIEW&id=0a6aefe4-c0b8-46ef-91a9-86b67b68494c,circlehotel
575,https://cdn.visitkorea.or.kr/img/call?cmd=VIEW&id=70621161-5ed3-4710-a86e-be52aeefd14c,한냄비
576,https://cdn.visitkorea.or.kr/img/call?cmd=VIEW&id=a1f92ffb-5885-49de-975e-4fe268d407dd,구룡사
577,https://cdn.visitkorea.or.kr/img/call?cmd=VIEW&id=e2358467-246a-47e1-b2c0-597cb69da5f0,서울청과
578,https://cdn.visitkorea.or.kr/img/call?cmd=VIEW&id=3e6710f6-40d5-47c5-b8a4-aa313955bdda,밀파니
579,https://cdn.visitkorea.or.kr/img/call?cmd=VIEW&id=34099091-9111-4b4f-a7ee-33669fef7d30,우돈청
580,https://cdn.visitkorea.or.kr/img/call?cmd=VIEW&id=2e47b041-011e-4754-9fcb-5757cc42373e,밍글스
581,https://cdn.visitkorea.or.kr/img/call?cmd=VIEW&id=e48da09a-64de-4bc2-bda4-86d631663db9,마코토 청담점
582,https://cdn.visitkorea.or.kr/img/call?cmd=VIEW&id=0bf9e2fb-ff06-4cee-bcaa-694088907d98,어거스트 힐 강남점
583,https://cdn.visitkorea.or.kr/img/call?cmd=VIEW&id=4facb2d2-941c-4edf-9174-ca95de50c77c,안남
584,https://cdn.visitkorea.or.kr/img/call?cmd=VIEW&id=ef5f075b-ebe0-4299-8edc-da47ffd2d024,양인환대
585,https://cdn.visitkorea.or.kr/img/call?cmd=VIEW&id=c9eabe8b-6cfd-406e-bedc-f074419c2d42,아야진생태찌개 역삼직영점
586,https://cdn.visitkorea.or.kr/img/call?cmd=VIEW&id=34c250b5-14ea-4f01-86bd-9fea5412245f,스시유
587,https://cdn.visitkorea.or.kr/img/call?cmd=VIEW&id=b1244b23-0617-4467-8f65-37b24fe72b6e,핑크솔트 숯불구이
588,https://cdn.visitkorea.or.kr/img/call?cmd=VIEW&id=047b7b54-02ea-42b0-967c-6fe8cc7bd26a,우동 카덴
589,https://cdn.visitkorea.or.kr/img/call?cmd=VIEW&id=b811eb66-de4e-4f3e-a0d6-5127bdf6f057,한수공원
590,https://cdn.visitkorea.or.kr/img/call?cmd=VIEW&id=0a98e653-125e-4584-bd95-481327f54183,방배배수지체육공원
591,https://cdn.visitkorea.or.kr/img/call?cmd=VIEW&id=2bc0c15c-7c50-4b9b-8d3a-92e0ab63d047,미우야
592,https://cdn.visitkorea.or.kr/img/call?cmd=VIEW&id=452e323a-920e-4050-800c-f9780eba7a70,바캉스커피
593,https://cdn.visitkorea.or.kr/img/call?cmd=VIEW&id=062a44a2-f920-4447-a323-1ba6596169a1,덕분애
594,https://cdn.visitkorea.or.kr/img/call?cmd=VIEW&id=4d2e89d0-9d9f-46a7-8126-135c862fe323,태양정육식당
595,https://cdn.visitkorea.or.kr/img/call?cmd=VIEW&id=2393f427-cdba-46c0-b798-5383cad67224,GROUND62
596,https://cdn.visitkorea.or.kr/img/call?cmd=VIEW&id=5f17195a-596d-4a93-b820-a64174ecddc1,콩예원
597,https://cdn.visitkorea.or.kr/img/call?cmd=VIEW&id=6ee94f8c-1ca6-4512-8cce-39dfc81be77c,성북동면옥집
598,https://cdn.visitkorea.or.kr/img/call?cmd=VIEW&id=c7ef715b-6a1a-4ece-80d0-f94d92419107,롯데뮤지엄
599,https://cdn.visitkorea.or.kr/img/call?cmd=VIEW&id=5206dd82-bd97-40e0-836f-26a22951b84d,신한은행 한국금융사박물관
600,https://cdn.visitkorea.or.kr/img/call?cmd=VIEW&id=3551d327-c723-420e-b216-bbdd904a99ba,가락골마산아구찜
601,https://cdn.visitkorea.or.kr/img/call?cmd=VIEW&id=c3fc15a4-ed88-4bf7-baf1-b36b59decab9,윤극영가옥
602,https://cdn.visitkorea.or.kr/img/call?cmd=VIEW&id=4905fe86-39ab-4c16-a686-58607c169554,모연 마포본점
603,https://cdn.visitkorea.or.kr/img/call?cmd=VIEW&id=a38ddca7-0b78-4169-b1e1-cb7c63094514,오레노라멘 본점
604,https://cdn.visitkorea.or.kr/img/call?cmd=VIEW&id=126e9122-6d5f-4289-bac6-8c9f99844b68,한스 송파점
605,https://cdn.visitkorea.or.kr/img/call?cmd=VIEW&id=fdf76d39-51d5-46ef-9057-f890fc3ebfd4,Summer Lane
606,https://cdn.visitkorea.or.kr/img/call?cmd=VIEW&id=6d4dff57-b0d6-4294-8609-9cc12e17ad7a,개화산장
607,https://cdn.visitkorea.or.kr/img/call?cmd=VIEW&id=f1f7ae91-45e7-4253-9f98-085c2f38b825,가막골흑염소요리전문점
608,https://cdn.visitkorea.or.kr/img/call?cmd=VIEW&id=57aa2dca-8d3f-48d1-b385-fd857b95b4a7,디자이너리 카페
609,https://cdn.visitkorea.or.kr/img/call?cmd=VIEW&id=706c7a33-f90b-4b64-a943-d7cdc5e9b59a,살구나무집 칼국수
610,https://cdn.visitkorea.or.kr/img/call?cmd=VIEW&id=3420aac8-8916-43c4-ab91-76004a9dc06f,신길동매운짬뽕
611,https://cdn.visitkorea.or.kr/img/call?cmd=VIEW&id=cdcc6793-ee52-4299-ae09-2678174e8363,호무랑
612,https://cdn.visitkorea.or.kr/img/call?cmd=VIEW&id=cba334ee-c181-4454-af1a-61c73f4ae904,한국회관
613,https://cdn.visitkorea.or.kr/img/call?cmd=VIEW&id=7834861f-d378-445c-8b29-bc9b1dc34bd3,디토
614,https://cdn.visitkorea.or.kr/img/call?cmd=VIEW&id=fcd9e492-a00a-4c33-954b-a52b624d3096,줄라이
615,https://cdn.visitkorea.or.kr/img/call?cmd=VIEW&id=4381704e-2070-44cf-88a0-4ca7ffd62245,테이블포포
616,https://cdn.visitkorea.or.kr/img/call?cmd=VIEW&id=6a828fb4-5382-49e5-a87e-e79a096afc66,한남작업실
617,https://cdn.visitkorea.or.kr/img/call?cmd=VIEW&id=8f1fba2c-9df7-4685-86c8-841c5711de16,치즈플로
618,https://cdn.visitkorea.or.kr/img/call?cmd=VIEW&id=f21b12d0-9bbe-461c-a067-fc8afb1e6766,댓잎갈비 본점
619,https://cdn.visitkorea.or.kr/img/call?cmd=VIEW&id=482dc5cb-8328-4df7-9cb3-7fa3d76975ca,베라 한남점
620,https://cdn.visitkorea.or.kr/img/call?cmd=VIEW&id=987bd713-0fae-437a-81a3-f5e6a89e3f44,타워차이 본점
621,https://cdn.visitkorea.or.kr/img/call?cmd=VIEW&id=d58de002-7c43-488b-8caa-9c46cdc687b7,진도울돌목가는길
622,https://cdn.visitkorea.or.kr/img/call?cmd=VIEW&id=39158fd0-2444-4555-94f5-6fa03a59b177,스테이지28
623,https://cdn.visitkorea.or.kr/img/call?cmd=VIEW&id=272b9659-ced7-435d-a615-9428f2e71b75,다로베
624,https://cdn.visitkorea.or.kr/img/call?cmd=VIEW&id=fde2f000-79e0-46e2-a5e2-7dc08b89a80b,혜화 양육관
625,https://cdn.visitkorea.or.kr/img/call?cmd=VIEW&id=8463a97b-bcc6-49e0-88b5-d049380c950b,장꼬방김치찌개전문
626,https://cdn.visitkorea.or.kr/img/call?cmd=VIEW&id=38df0b43-1010-40cb-98bd-5e24f3ec723e,벨라스가든
627,https://cdn.visitkorea.or.kr/img/call?cmd=VIEW&id=d55cdaec-8822-40b3-8b1e-54f8da990204,수안사
628,https://cdn.visitkorea.or.kr/img/call?cmd=VIEW&id=b302bd02-0d33-4432-b601-2703cc7d680d,소백산 양재별관
629,https://cdn.visitkorea.or.kr/img/call?cmd=VIEW&id=b85bb1f7-a2a7-4058-9032-e0685f639e3c,방배종합시장
630,https://cdn.visitkorea.or.kr/img/call?cmd=VIEW&id=cd45c2a9-ac13-4049-a0f9-7ed938edec3f,금천 폭포공원
631,https://cdn.visitkorea.or.kr/img/call?cmd=VIEW&id=d0e2851e-53be-4ea0-a520-cb7c7541cb5c,한양공원
632,https://cdn.visitkorea.or.kr/img/call?cmd=VIEW&id=df0ad50a-2d45-43a3-b8fb-bac6a8263011,마루공원
633,https://cdn.visitkorea.or.kr/img/call?cmd=VIEW&id=1a0843e3-e6c7-46e7-a4c3-bef45886ecbe,애란궁
634,https://cdn.visitkorea.or.kr/img/call?cmd=VIEW&id=1d5230b8-50de-4e7c-b4e7-24e4af8d747a,신원시장
635,https://cdn.visitkorea.or.kr/img/call?cmd=VIEW&id=48233dcd-a247-4f99-82f0-0d82aea28d1c,남부종합시장
636,https://cdn.visitkorea.or.kr/img/call?cmd=VIEW&id=1634c792-db2a-4532-a2e4-808e51d95c94,응봉체육공원
637,https://cdn.visitkorea.or.kr/img/call?cmd=VIEW&id=eee65526-5dea-46e8-9f84-00c7cc9c66de,마천공원
638,https://cdn.visitkorea.or.kr/img/call?cmd=VIEW&id=d47213b5-af12-40af-ad71-2801f31c5d38,오선채
639,https://cdn.visitkorea.or.kr/img/call?cmd=VIEW&id=b4e8f70d-ef84-4375-add3-841d48b421fc,반포한강공원 달빛광장
640,https://cdn.visitkorea.or.kr/img/call?cmd=VIEW&id=30af0c9f-2815-4d0c-83d5-7135d5e0150c,팔당닭발 강남점
641,https://cdn.visitkorea.or.kr/img/call?cmd=VIEW&id=dc335056-fa52-42c0-9cc1-f1daf0ffcc23,남미플랜트랩
642,https://cdn.visitkorea.or.kr/img/call?cmd=VIEW&id=1d616c0d-0b68-48f4-b6f3-6fab25dd51fa,북촌김치재
643,https://cdn.visitkorea.or.kr/img/call?cmd=VIEW&id=cdb4d0cd-7cab-479a-bb23-fea09023a412,헤리티지클럽
644,https://cdn.visitkorea.or.kr/img/call?cmd=VIEW&id=6f735dbc-c525-49fd-a625-c790ba3f5d01,단미그린비
645,https://cdn.visitkorea.or.kr/img/call?cmd=VIEW&id=ad0ad6fe-ef31-4d97-8e3a-9453d1417ef2,얼스어스
646,https://cdn.visitkorea.or.kr/img/call?cmd=VIEW&id=38c22400-1c6e-4dcb-9e17-ac75f6c0fd80,바른쌀국수
647,https://cdn.visitkorea.or.kr/img/call?cmd=VIEW&id=f132535a-afd5-417d-9a6b-c3a887da4327,거울한옥 미러룸
648,https://cdn.visitkorea.or.kr/img/call?cmd=VIEW&id=aa12e0da-35ce-4751-b993-10c60f6f0c3e,왜고개
649,https://cdn.visitkorea.or.kr/img/call?cmd=VIEW&id=589aed67-61c5-44b0-85ba-214337b18555,서울 서초 글램핑 청계산장
650,https://cdn.visitkorea.or.kr/img/call?cmd=VIEW&id=d6ae0d4c-acaf-48a6-9772-8ebf4418f6d8,계백집
651,https://cdn.visitkorea.or.kr/img/call?cmd=VIEW&id=1e29d108-b384-4ef1-b78b-8bf75b43c6e0,구스아일랜드 브루하우스
652,https://cdn.visitkorea.or.kr/img/call?cmd=VIEW&id=81f6c436-6244-4d00-aeee-15fde226c855,관음사국기봉
653,https://cdn.visitkorea.or.kr/img/call?cmd=VIEW&id=33de85fd-ac64-452e-92d1-e765eb0f1d22,법룡사
654,https://cdn.visitkorea.or.kr/img/call?cmd=VIEW&id=a75bf6a2-62cf-43cc-a2b9-303eb8c83e67,머큐어 앰배서더 서울 홍대
655,https://cdn.visitkorea.or.kr/img/call?cmd=VIEW&id=21bb2dbc-70de-40a7-b9f1-5e14bb8afbd3,헬로애니멀
656,https://cdn.visitkorea.or.kr/img/call?cmd=VIEW&id=046927d8-8821-4a73-b7cd-9a364852a8b9,벌교한상
657,https://cdn.visitkorea.or.kr/img/call?cmd=VIEW&id=740e5746-cc36-409c-b772-4c5a3cc965bf,나인브릭호텔
658,https://cdn.visitkorea.or.kr/img/call?cmd=VIEW&id=942678e5-6b0c-4925-b197-c57abe4e1652,라이즈오토그래프컬렉션
659,https://cdn.visitkorea.or.kr/img/call?cmd=VIEW&id=2d165384-26dd-411e-ad7f-4fc718f80ccb,흰물결갤러리
660,https://cdn.visitkorea.or.kr/img/call?cmd=VIEW&id=f7624a19-8f7e-4b23-ad79-6b973089ba5b,L7홍대
661,https://cdn.visitkorea.or.kr/img/call?cmd=VIEW&id=3f226e6a-6fd3-4e17-8c7c-11a2c702c3f1,해방촌마을
662,https://cdn.visitkorea.or.kr/img/call?cmd=VIEW&id=754dcc33-9437-4e1f-811e-e30cec360839,반룡산
663,https://cdn.visitkorea.or.kr/img/call?cmd=VIEW&id=5bb8da77-b27f-4f03-bc00-89171be059e2,신촌수제비
664,https://cdn.visitkorea.or.kr/img/call?cmd=VIEW&id=0be57642-972c-4a4e-b48b-871b73942aa7,텐동요츠야
665,https://cdn.visitkorea.or.kr/img/call?cmd=VIEW&id=b3e251ab-7841-43ea-83cf-dce61d7ed83c,아라리오 갤러리(서울)
666,https://cdn.visitkorea.or.kr/img/call?cmd=VIEW&id=d466f987-b7ef-4ee0-9bf0-a83ae2880cd8,야마토텐동
667,https://cdn.visitkorea.or.kr/img/call?cmd=VIEW&id=7dbe9138-9af8-4ffe-8e91-a188e4752374,국악사랑
668,https://cdn.visitkorea.or.kr/img/call?cmd=VIEW&id=28972ae2-6691-4b92-8721-8949375e66d8,은평한옥마을
669,https://cdn.visitkorea.or.kr/img/call?cmd=VIEW&id=fae87c3d-20ce-4cfe-a369-abb4e0ec1492,거창 왕돈까스
670,https://cdn.visitkorea.or.kr/img/call?cmd=VIEW&id=c1ed6ebf-e897-4aed-b4c9-6de98246463b,브라운씨카페
671,https://cdn.visitkorea.or.kr/img/call?cmd=VIEW&id=7ea0656f-472b-482d-850a-05459532f820,우면산 소망탑 전망대
672,https://cdn.visitkorea.or.kr/img/call?cmd=VIEW&id=ca010c0b-b2c8-48a4-be80-0c35600ac4d6,아차산 고구려정
673,https://cdn.visitkorea.or.kr/img/call?cmd=VIEW&id=29c97c5e-0743-43cc-a288-990f1f0ebe13,군산찜
674,https://cdn.visitkorea.or.kr/img/call?cmd=VIEW&id=2272a1f4-8028-48ca-a601-8709862bebb7,굴다리식당
675,https://cdn.visitkorea.or.kr/img/call?cmd=VIEW&id=97dbc357-7b94-4647-b1ef-892d8f8d91c2,연남장
676,https://cdn.visitkorea.or.kr/img/call?cmd=VIEW&id=35bd7a9f-10e0-43ea-a954-d171f820137a,부영각
677,https://cdn.visitkorea.or.kr/img/call?cmd=VIEW&id=7d942df9-ca25-4e2d-b4a9-c14e23d0ae52,배꼽집
678,https://cdn.visitkorea.or.kr/img/call?cmd=VIEW&id=9fe0f7dc-6046-47db-b46d-e93a0f71108b,상암일미락
679,https://cdn.visitkorea.or.kr/img/call?cmd=VIEW&id=6247555e-aed3-4cc0-8d6f-a4a5f08ff65c,색동저고리
680,https://cdn.visitkorea.or.kr/img/call?cmd=VIEW&id=b46594a0-4bf2-478e-bc1a-86d83e23e6e6,신성각
681,https://cdn.visitkorea.or.kr/img/call?cmd=VIEW&id=02c03b7b-c112-40d2-9daa-b407759b315e,현래장
682,https://cdn.visitkorea.or.kr/img/call?cmd=VIEW&id=9df6bd66-00d6-4d89-9f35-f2c6294579db,미림산장
683,https://cdn.visitkorea.or.kr/img/call?cmd=VIEW&id=393c78c9-e81f-47e7-bd67-4d067d43ed93,IOU
684,https://cdn.visitkorea.or.kr/img/call?cmd=VIEW&id=e7142672-437b-4603-84e9-90a2bac1d5df,디트로네 라운지
685,https://cdn.visitkorea.or.kr/img/call?cmd=VIEW&id=0ddce399-9d83-40fb-b0c6-f2eebc69672a,앤더슨씨 나인원점
686,https://cdn.visitkorea.or.kr/img/call?cmd=VIEW&id=f6f55d39-d6ef-4389-a42b-4cfadbaf16e2,맷카페
687,https://cdn.visitkorea.or.kr/img/call?cmd=VIEW&id=4642fbbb-2b85-4deb-b978-ad49e60c9516,바이레인
688,https://cdn.visitkorea.or.kr/img/call?cmd=VIEW&id=d8814e90-439c-48d8-ab6b-ed51eb7b1a5b,북한산 족두리봉
689,https://cdn.visitkorea.or.kr/img/call?cmd=VIEW&id=acaecb89-d98b-4335-9baf-a84b028b4457,연남동끝자락길
690,https://cdn.visitkorea.or.kr/img/call?cmd=VIEW&id=6a0e7ed4-c702-4929-822a-9eb940f079ec,한국교회 100주년 기념관
691,https://cdn.visitkorea.or.kr/img/call?cmd=VIEW&id=b7a61f5f-d5a9-4b23-a2e7-c73ba50386c5,함흥본가면옥
692,https://cdn.visitkorea.or.kr/img/call?cmd=VIEW&id=c1bb7acc-63aa-4cb2-90c1-e14ecd22e488,한암동 정동점
693,https://cdn.visitkorea.or.kr/img/call?cmd=VIEW&id=b5f3769b-819e-4a19-a446-b76bb3ee8365,숯불호랑
694,https://cdn.visitkorea.or.kr/img/call?cmd=VIEW&id=f8e70ce9-5f5f-436a-bbbe-ded922cebb6c,산수갑산
695,https://cdn.visitkorea.or.kr/img/call?cmd=VIEW&id=dadff294-fcc9-440c-999e-d91f22e569e0,유즈라멘
696,https://cdn.visitkorea.or.kr/img/call?cmd=VIEW&id=585be78f-d37a-4f29-a007-0997d15dd7d5,중림장설렁탕
697,https://cdn.visitkorea.or.kr/img/call?cmd=VIEW&id=0fbf3c54-c2ab-435b-950c-3df297bcfb9b,팔레드 신
698,https://cdn.visitkorea.or.kr/img/call?cmd=VIEW&id=2fa456cc-48d6-4ae6-a79b-acd4123dd5d8,그릴1492 본점
699,https://cdn.visitkorea.or.kr/img/call?cmd=VIEW&id=cff34f3c-b19c-4099-861d-d74431e8fb51,로이터 커피 셸터
700,https://cdn.visitkorea.or.kr/img/call?cmd=VIEW&id=1f84612b-c64f-4c20-9d08-d902335038c5,만포막국수
701,https://cdn.visitkorea.or.kr/img/call?cmd=VIEW&id=a53817d1-9c8f-421e-8116-6bf6c5cdb0c7,락희안 가좌본점
702,https://cdn.visitkorea.or.kr/img/call?cmd=VIEW&id=05b9b42c-f5b6-4286-bd76-3e283a69a54a,복성각
703,https://cdn.visitkorea.or.kr/img/call?cmd=VIEW&id=93dfb3e7-dc1b-43a5-ad66-ed3fcb793ce5,원마산아구찜 홍제점
704,https://cdn.visitkorea.or.kr/img/call?cmd=VIEW&id=fe20c06a-8132-4910-b45b-97fe7dd11639,광화문국밥
705,https://cdn.visitkorea.or.kr/img/call?cmd=VIEW&id=e3f5c3d0-64c1-422a-92cb-29d17d50d647,레호이 소월길 본점
706,https://cdn.visitkorea.or.kr/img/call?cmd=VIEW&id=32aaf6b2-93fb-4cb7-a058-d94ac5d53d0c,메종 한남
707,https://cdn.visitkorea.or.kr/img/call?cmd=VIEW&id=6391a10c-01c9-4e0c-819a-7a276d99a3b0,다보성 갤러리
708,https://cdn.visitkorea.or.kr/img/call?cmd=VIEW&id=511dd88b-ba58-4fcf-89c9-47c67e966353,소르비
709,https://cdn.visitkorea.or.kr/img/call?cmd=VIEW&id=f23935a6-226c-4487-aab6-2553314fbff5,낙원테산도 용산아이파크몰점
710,https://cdn.visitkorea.or.kr/img/call?cmd=VIEW&id=4889ee3d-8e0b-455f-8a99-922a1557a9f8,페트라
711,https://cdn.visitkorea.or.kr/img/call?cmd=VIEW&id=013b5d9b-8797-4ab6-bbfd-97c95c204800,한강레져스포츠
712,https://cdn.visitkorea.or.kr/img/call?cmd=VIEW&id=85183958-b054-40a4-aa59-32d00972f600,우이동 가족캠핑장
713,https://cdn.visitkorea.or.kr/img/call?cmd=VIEW&id=8fe2458c-ad9a-4392-92ff-19136c1a01ee,초대길(역사트레킹 2코스)
714,https://cdn.visitkorea.or.kr/img/call?cmd=VIEW&id=a541a49a-aa5d-4988-bd81-34631659ad23,소금집델리 망원
715,https://cdn.visitkorea.or.kr/img/call?cmd=VIEW&id=c8a01bdd-317d-41bf-b374-c6e90d25085a,성미골
716,https://cdn.visitkorea.or.kr/img/call?cmd=VIEW&id=6f0b9340-bd0a-405b-934a-00dee0904d00,하이라인
717,https://cdn.visitkorea.or.kr/img/call?cmd=VIEW&id=a7b80e00-dc9c-4117-9e00-3b9f12216528,하노이102
718,https://cdn.visitkorea.or.kr/img/call?cmd=VIEW&id=7596be45-5ec5-4a41-88aa-97c860bfba42,희릿
719,https://cdn.visitkorea.or.kr/img/call?cmd=VIEW&id=76710f5e-f8ca-40dd-bbe9-1bd5cf666268,한양코다리
720,https://cdn.visitkorea.or.kr/img/call?cmd=VIEW&id=92fb2c14-7ebc-4162-ad61-4e613a70a0e6,마이시크릿덴
721,https://cdn.visitkorea.or.kr/img/call?cmd=VIEW&id=3f1e5bc7-919e-498f-b3aa-94aa7792e4c8,황금옥찹쌀순대
722,https://cdn.visitkorea.or.kr/img/call?cmd=VIEW&id=8e2e756f-6abb-4ae8-a03c-38fe5510b634,금호칼국수
723,https://cdn.visitkorea.or.kr/img/call?cmd=VIEW&id=699cb190-9e6c-4f56-bc15-e81367450ee9,낙원타코 강남역점
724,https://cdn.visitkorea.or.kr/img/call?cmd=VIEW&id=3cc73182-0187-485b-b860-59a4d4ee3f44,청어람 망원점
725,https://cdn.visitkorea.or.kr/img/call?cmd=VIEW&id=995f7514-4d0e-4027-b394-876fe6ba24c1,손기정문화도서관
726,https://cdn.visitkorea.or.kr/img/call?cmd=VIEW&id=2d41c420-78ff-4d71-a79e-53339abfd35d,뚝도농원
727,https://cdn.visitkorea.or.kr/img/call?cmd=VIEW&id=92edf121-15d3-483c-ac16-eeef63d87b0a,카페 이페메라 LCDC SEOUL
728,https://cdn.visitkorea.or.kr/img/call?cmd=VIEW&id=940fbba6-501c-4514-95cd-e12ba610e5c1,메종엠오
729,https://cdn.visitkorea.or.kr/img/call?cmd=VIEW&id=2bae502a-08b7-4d34-b0c6-aab4975f5c55,화화담 성수
730,https://cdn.visitkorea.or.kr/img/call?cmd=VIEW&id=cb8463a6-b39e-4dbe-a9d6-daa2f874d334,혜화칼국수
731,https://cdn.visitkorea.or.kr/img/call?cmd=VIEW&id=3277cee1-8a0d-4e9c-ad39-a66c0b083dbc,자하싸리집
732,https://cdn.visitkorea.or.kr/img/call?cmd=VIEW&id=86c778cc-f697-4328-a881-e9f06abb254d,이엔갤러리
733,https://cdn.visitkorea.or.kr/img/call?cmd=VIEW&id=9e749a56-63fe-4cea-8b0d-2164b460d302,양지촌
734,https://cdn.visitkorea.or.kr/img/call?cmd=VIEW&id=9e92281e-358a-4c6f-8717-a3d7e72473af,산삼청각
735,https://cdn.visitkorea.or.kr/img/call?cmd=VIEW&id=2176e57e-c4a4-4aed-a2c6-76be314dfe27,서린낙지
736,https://cdn.visitkorea.or.kr/img/call?cmd=VIEW&id=d5065f48-538f-4099-87bf-8c902cff3b85,청담제주물항
737,https://cdn.visitkorea.or.kr/img/call?cmd=VIEW&id=527cb030-9bfa-486f-a3a1-09ae3ee087a8,더그릴630
738,https://cdn.visitkorea.or.kr/img/call?cmd=VIEW&id=ae1bff19-0285-4dfc-b935-c0c57db17a06,치즈룸 안다즈
739,https://cdn.visitkorea.or.kr/img/call?cmd=VIEW&id=3f80e144-44e0-42f2-8ce8-a1488c12014c,한라산 청담점
740,https://cdn.visitkorea.or.kr/img/call?cmd=VIEW&id=55c32a73-babb-44bb-af9f-e983b12ed380,펄쉘
741,https://cdn.visitkorea.or.kr/img/call?cmd=VIEW&id=b8f03eaf-6e76-457b-984d-2dda82b6b53e,파불라
742,https://cdn.visitkorea.or.kr/img/call?cmd=VIEW&id=1b19d2ff-e480-4f28-a884-68f1a99aad3c,토담골
743,https://cdn.visitkorea.or.kr/img/call?cmd=VIEW&id=b7f807cc-104c-4e12-b9d5-dbc600bb18f2,쿠촐로 테라짜
744,https://cdn.visitkorea.or.kr/img/call?cmd=VIEW&id=659f8c95-a2e9-43b2-8bac-c771d88d1309,콴안다오
745,https://cdn.visitkorea.or.kr/img/call?cmd=VIEW&id=b1abf5e1-2346-49b7-bf3c-cffe1a223d30,오우드
746,https://cdn.visitkorea.or.kr/img/call?cmd=VIEW&id=da26f152-2de1-418f-b141-5ac11cd4e772,오로라베이커리카페 성수점
747,https://cdn.visitkorea.or.kr/img/call?cmd=VIEW&id=fb0e59a6-f06b-4afc-8ed9-f3880f76a9e0,오근내7닭갈비
748,https://cdn.visitkorea.or.kr/img/call?cmd=VIEW&id=21bca6d0-5ccc-43ad-88f4-8ba77ef93290,원기옥
749,https://cdn.visitkorea.or.kr/img/call?cmd=VIEW&id=e002be53-9db3-447a-bacb-ddc37aa53de0,우오보 파스타 바
750,https://cdn.visitkorea.or.kr/img/call?cmd=VIEW&id=4378b3fc-46ce-43ca-9780-ea9007971cf9,옹근달
751,https://cdn.visitkorea.or.kr/img/call?cmd=VIEW&id=dde44a0c-e2a1-4e31-bf78-c4ddd671b46f,은평구생활체육광장
752,https://cdn.visitkorea.or.kr/img/call?cmd=VIEW&id=9196b757-e08f-426a-96ec-36b8e58fc86e,가조쿠
753,https://cdn.visitkorea.or.kr/img/call?cmd=VIEW&id=b0eb480a-e423-4f38-a137-7ba02547b1cf,기미사 성수
754,https://cdn.visitkorea.or.kr/img/call?cmd=VIEW&id=0743fd18-eb53-4e2c-9dea-f522e2fe8ac4,글로우
755,https://cdn.visitkorea.or.kr/img/call?cmd=VIEW&id=39b1dae4-df02-4b18-a33b-e23acde09155,그레이박스
756,https://cdn.visitkorea.or.kr/img/call?cmd=VIEW&id=36e4b6f3-9aa4-4fdb-96d3-eeda34c4cf4e,굴림
757,https://cdn.visitkorea.or.kr/img/call?cmd=VIEW&id=b1f3bbb4-d816-4dcf-8191-1e8ee0af7d09,고운 돈카츠
758,https://cdn.visitkorea.or.kr/img/call?cmd=VIEW&id=b8120066-91d3-49d7-8e86-f35a7912d262,고기다
759,https://cdn.visitkorea.or.kr/img/call?cmd=VIEW&id=bf315979-f0bd-4132-8540-460dabc94a88,계모임
760,https://cdn.visitkorea.or.kr/img/call?cmd=VIEW&id=fd8aca6b-312c-4ed9-bc53-5e0d13ab972d,유가츠
761,https://cdn.visitkorea.or.kr/img/call?cmd=VIEW&id=ebd09d41-da41-458f-b414-79cd9c5d241d,암소서울
762,https://cdn.visitkorea.or.kr/img/call?cmd=VIEW&id=83176a96-73f4-497d-9bb2-67d434f2e9d8,슬로우파크
763,https://cdn.visitkorea.or.kr/img/call?cmd=VIEW&id=f857586b-5e8b-4050-9086-4a27c449a632,부암동 몽유도원 도이창
764,https://cdn.visitkorea.or.kr/img/call?cmd=VIEW&id=17ffde77-324c-41df-90b0-56f1db77ff67,성수일미락
765,https://cdn.visitkorea.or.kr/img/call?cmd=VIEW&id=d7cd5220-6d5b-4363-b610-60e44d40b778,시옹마오
766,https://cdn.visitkorea.or.kr/img/call?cmd=VIEW&id=a388859e-7e0a-4138-9780-0c5dc63a9377,신의한국수본점
767,https://cdn.visitkorea.or.kr/img/call?cmd=VIEW&id=f9f52ce9-3f3e-436e-aa36-366e6cf1fbec,일미장어
768,https://cdn.visitkorea.or.kr/img/call?cmd=VIEW&id=40a64fd9-b30e-4fc1-bbd8-af758d8a18e8,무식당 성수본점
769,https://cdn.visitkorea.or.kr/img/call?cmd=VIEW&id=5214da6e-7592-4332-99ad-38b201adad70,스시오오모토
770,https://cdn.visitkorea.or.kr/img/call?cmd=VIEW&id=50e948db-a924-4907-a623-b96b173e5a7b,몽련
771,https://cdn.visitkorea.or.kr/img/call?cmd=VIEW&id=f945a71b-6375-40e6-9453-16129be446bb,목금
772,https://cdn.visitkorea.or.kr/img/call?cmd=VIEW&id=1d7a664a-6268-4203-a69b-10ef4546a695,메종 파이프그라운드
773,https://cdn.visitkorea.or.kr/img/call?cmd=VIEW&id=988081fe-1fee-4371-aece-a9ec0c738fb1,시에나 에스테이트
774,https://cdn.visitkorea.or.kr/img/call?cmd=VIEW&id=57f8d930-fc9b-4c64-ae5b-2f4773afe0d5,바다화원 본점
775,https://cdn.visitkorea.or.kr/img/call?cmd=VIEW&id=e21426ec-a88c-4f6d-9d57-ba420afe19b2,소바식당
776,https://cdn.visitkorea.or.kr/img/call?cmd=VIEW&id=d6740af3-ed03-46fe-8d7e-b1ee77a9e4b2,소안도풍경
777,https://cdn.visitkorea.or.kr/img/call?cmd=VIEW&id=aba96ad1-c532-4343-90ad-fc57912d2ca0,민정식당 서울숲 직영점
778,https://cdn.visitkorea.or.kr/img/call?cmd=VIEW&id=0cf531cd-9586-4916-8c3a-9500fa8de749,미테이블 성수점
779,https://cdn.visitkorea.or.kr/img/call?cmd=VIEW&id=30685e4e-7719-4b7e-bd2b-4bd69d95f780,벨라스가든 서울숲점
780,https://cdn.visitkorea.or.kr/img/call?cmd=VIEW&id=dd59d85f-87b0-4f5f-a764-3f17f9030490,뺑드에코
781,https://cdn.visitkorea.or.kr/img/call?cmd=VIEW&id=08da5b68-0529-404c-89e7-61cd1b1e93e9,밸런스포케
782,https://cdn.visitkorea.or.kr/img/call?cmd=VIEW&id=6a3c1d06-b0d5-40ed-92fb-31bf9de07ac8,반상회 성수
783,https://cdn.visitkorea.or.kr/img/call?cmd=VIEW&id=d359b5bf-7b3e-42b8-8e55-aa923bef3211,성수부두
784,https://cdn.visitkorea.or.kr/img/call?cmd=VIEW&id=66633d9a-707c-4e26-be92-9c0ac42c64bd,세디치
785,https://cdn.visitkorea.or.kr/img/call?cmd=VIEW&id=42ec3606-a061-4588-a568-70327505609a,바위파스타바 성수
786,https://cdn.visitkorea.or.kr/img/call?cmd=VIEW&id=8d2168e4-669e-4d5a-b763-4be5a016de94,발렁스
787,https://cdn.visitkorea.or.kr/img/call?cmd=VIEW&id=b3d43571-f5fa-439d-96e6-a5ed67861233,비사벌 전주 콩나물 국밥
788,https://cdn.visitkorea.or.kr/img/call?cmd=VIEW&id=f2d7355b-ff30-490c-917a-903bb1f04d16,뵈르니
789,https://cdn.visitkorea.or.kr/img/call?cmd=VIEW&id=0db4824b-a020-4860-a214-6ee6f5ee23d1,베티버
790,https://cdn.visitkorea.or.kr/img/call?cmd=VIEW&id=78452772-2d01-4aa5-98e5-e09eace70e30,보울룸 성수점
791,https://cdn.visitkorea.or.kr/img/call?cmd=VIEW&id=35bc762e-0734-4046-8869-312602423228,비아트 성수
792,https://cdn.visitkorea.or.kr/img/call?cmd=VIEW&id=2496cbf2-7358-4e98-83d8-bab5afe6ee5d,카덴
793,https://cdn.visitkorea.or.kr/img/call?cmd=VIEW&id=687dcb7a-d24b-4006-841b-d357ee13908b,소인수서울
794,https://cdn.visitkorea.or.kr/img/call?cmd=VIEW&id=96dfe275-a83c-4408-898d-e9e02802f5b2,소랑호젠
795,https://cdn.visitkorea.or.kr/img/call?cmd=VIEW&id=e15c2212-532a-446c-afce-3fed75658c0b,무브모브
796,https://cdn.visitkorea.or.kr/img/call?cmd=VIEW&id=d06bb2f8-ed8e-464a-b7c5-05336fdfcdc4,센터커피 서울숲점
797,https://cdn.visitkorea.or.kr/img/call?cmd=VIEW&id=8b9ca6eb-2901-4483-a7e5-0e843e809f60,문츠 바베큐
798,https://cdn.visitkorea.or.kr/img/call?cmd=VIEW&id=bf3502c3-e76e-4e55-8509-ccf4e06a932b,세븐갈비
799,https://cdn.visitkorea.or.kr/img/call?cmd=VIEW&id=a31603da-6ecc-4443-9c2c-fc4d7128f15f,성일정육점식당
800,https://cdn.visitkorea.or.kr/img/call?cmd=VIEW&id=c4679a6a-84b2-4a35-bf30-592bfd9f93b7,성수지앵협동조합
801,https://cdn.visitkorea.or.kr/img/call?cmd=VIEW&id=e0c128c0-dcbb-40e6-9f47-b8255513e9a2,미아논나
802,https://cdn.visitkorea.or.kr/img/call?cmd=VIEW&id=a03207b4-c0cb-452e-b25e-7125905d5850,빠오즈푸 서울숲직영점
803,https://cdn.visitkorea.or.kr/img/call?cmd=VIEW&id=181f9bbb-b0e6-4dc7-8c76-b2d29a8558be,미오 도쿄 다이닝
804,https://cdn.visitkorea.or.kr/img/call?cmd=VIEW&id=1c75d70c-1b04-47ec-bb2b-f9e48a492a78,빙봉
805,https://cdn.visitkorea.or.kr/img/call?cmd=VIEW&id=b278b9be-2e6f-46a6-9b8b-75aa132f7ffc,이요이요스시 공덕1호점
806,https://cdn.visitkorea.or.kr/img/call?cmd=VIEW&id=e59ae0f1-dafa-4728-8854-862b91034470,고미정
807,https://cdn.visitkorea.or.kr/img/call?cmd=VIEW&id=126c033a-abb5-4ee7-b794-452c58c559d1,녹원쌈밥 연희점
808,https://cdn.visitkorea.or.kr/img/call?cmd=VIEW&id=a7f9a521-4d61-4782-b173-2dc2adddd5d8,로덴드론 연희점
809,https://cdn.visitkorea.or.kr/img/call?cmd=VIEW&id=02ebfd31-ac67-4bab-9a73-57391cd439a8,연경 연희점
810,https://cdn.visitkorea.or.kr/img/call?cmd=VIEW&id=35b322c8-9102-4662-aa1c-e82e54382813,루프
811,https://cdn.visitkorea.or.kr/img/call?cmd=VIEW&id=eacb4d79-596c-4b1b-be17-ce856578e3d4,리틀포레스트
812,https://cdn.visitkorea.or.kr/img/call?cmd=VIEW&id=ebdb4167-30c7-4f38-a7b3-7eb097ed16b6,마를리
813,https://cdn.visitkorea.or.kr/img/call?cmd=VIEW&id=26d41ec7-fadc-444b-9abe-3dfdd187d6c8,마블상회
814,https://cdn.visitkorea.or.kr/img/call?cmd=VIEW&id=3c0c3f7c-ff51-46a8-acba-c76dc6ff3442,마하차이 성수본점
815,https://cdn.visitkorea.or.kr/img/call?cmd=VIEW&id=d877d93f-a1a3-4723-9c37-b169e42b66fa,멜라
816,https://cdn.visitkorea.or.kr/img/call?cmd=VIEW&id=837b93a6-53d8-4980-b13b-db1a3810faa9,주사부
817,https://cdn.visitkorea.or.kr/img/call?cmd=VIEW&id=c3a6f183-6c2c-4aa3-916a-affb37e27a94,스담
818,https://cdn.visitkorea.or.kr/img/call?cmd=VIEW&id=a39ac123-1c1f-439e-bb7f-e4ecbfaf2c93,락희옥 마포본점
819,https://cdn.visitkorea.or.kr/img/call?cmd=VIEW&id=283a548b-3470-4840-87ee-ce26230763d8,모래내곱창
820,https://cdn.visitkorea.or.kr/img/call?cmd=VIEW&id=3887ae44-4e6f-46ca-93d3-75591ed7c1dc,롸카두들 내쉬빌 핫치킨 성수점
821,https://cdn.visitkorea.or.kr/img/call?cmd=VIEW&id=f3598f06-d8c7-4b4c-a6ee-0a7dec3bda85,다포케 성수점
822,https://cdn.visitkorea.or.kr/img/call?cmd=VIEW&id=8ef5fd3b-978a-4500-9f39-9e8c77792685,에이투비 Cafe&Bar
823,https://cdn.visitkorea.or.kr/img/call?cmd=VIEW&id=e0e41e9b-cac3-438a-9997-ea63c711a661,돈갓 프리미엄카츠 성수직영점
824,https://cdn.visitkorea.or.kr/img/call?cmd=VIEW&id=fd4ce094-0817-46e7-87c7-c4205f220c9d,뚝도지기
825,https://cdn.visitkorea.or.kr/img/call?cmd=VIEW&id=e59d2541-4113-4800-83ff-0f697d292035,라온석갈비
826,https://cdn.visitkorea.or.kr/img/call?cmd=VIEW&id=ef86fef2-7c5d-4ede-9b8c-1efa678fb582,리브나 Rivna
827,https://cdn.visitkorea.or.kr/img/call?cmd=VIEW&id=99694b3b-5e5e-4ee0-b468-6b3c39f55830,폴인레미유 성수점
828,https://cdn.visitkorea.or.kr/img/call?cmd=VIEW&id=6b8bb844-6d3f-4474-beb8-95245d36843c,로우커피스탠드 성수점
829,https://cdn.visitkorea.or.kr/img/call?cmd=VIEW&id=d0a7ad7e-d805-4d5a-9e5d-be09549507c9,대흥정육식당
830,https://cdn.visitkorea.or.kr/img/call?cmd=VIEW&id=e81a45b9-d5a0-4d0a-886a-56f886578977,평이담백뼈칼국수 성수점
831,https://cdn.visitkorea.or.kr/img/call?cmd=VIEW&id=91c2b83e-f006-459d-947b-2146720d9901,그라데이션커피
832,https://cdn.visitkorea.or.kr/img/call?cmd=VIEW&id=b3a4dc18-d4e0-4da2-b2e0-9aed5af827d7,멜드(MELD)
833,https://cdn.visitkorea.or.kr/img/call?cmd=VIEW&id=8bdd08b0-b9ea-40fd-9641-312a218be0b4,팩피
834,https://cdn.visitkorea.or.kr/img/call?cmd=VIEW&id=cc980511-c3f1-4d93-bf01-d16a52e1d577,호랑이 초밥
835,https://cdn.visitkorea.or.kr/img/call?cmd=VIEW&id=3f7e8daf-319d-4af6-8652-b441a5e8f1ab,팜티진쌀국수
836,https://cdn.visitkorea.or.kr/img/call?cmd=VIEW&id=a9f5719f-4d27-49e7-8d9d-68995b0108e3,호랑도
837,https://cdn.visitkorea.or.kr/img/call?cmd=VIEW&id=01c1f9af-558d-4864-986b-4c2632d2f6b8,파티세리 아모니
838,https://cdn.visitkorea.or.kr/img/call?cmd=VIEW&id=3e71c79a-287d-4599-9792-217d836942d4,파라디
839,https://cdn.visitkorea.or.kr/img/call?cmd=VIEW&id=62bad88a-fe20-41ef-9d1a-e4dae6dfd013,전자방
840,https://cdn.visitkorea.or.kr/img/call?cmd=VIEW&id=e447eb6e-b9f0-49bf-9065-7b47402e44c7,일심정
841,https://cdn.visitkorea.or.kr/img/call?cmd=VIEW&id=db84dbc0-4aa6-4a59-8482-5de11271428d,이오로비스트로
842,https://cdn.visitkorea.or.kr/img/call?cmd=VIEW&id=c4edf6f7-113c-4026-b08e-12a6d7eed3c4,이랑칼국수
843,https://cdn.visitkorea.or.kr/img/call?cmd=VIEW&id=971ae0ad-23d0-4ad2-b34e-bfe0ca76ba10,오거트 포레스트
844,https://cdn.visitkorea.or.kr/img/call?cmd=VIEW&id=9c9b5829-df41-4e0b-84ce-21d8ef942d6a,플레이버타운
845,https://cdn.visitkorea.or.kr/img/call?cmd=VIEW&id=85362f3f-5d27-4692-bc30-4b0efc380adb,플디 성수점
846,https://cdn.visitkorea.or.kr/img/call?cmd=VIEW&id=2602680a-a2d3-439d-bea9-4b6fd7e3ce68,피어커피
847,https://cdn.visitkorea.or.kr/img/call?cmd=VIEW&id=b87185e0-fceb-4ba2-8921-7eb40cac7b22,업사이드커피
848,https://cdn.visitkorea.or.kr/img/call?cmd=VIEW&id=406ee972-95d7-4711-80ab-37808c70f1f8,아방베이커리 서울숲점
849,https://cdn.visitkorea.or.kr/img/call?cmd=VIEW&id=765a9ca3-3656-46f7-a033-3f3fee54783f,아이오쓰리 에이스하이엔드점
850,https://cdn.visitkorea.or.kr/img/call?cmd=VIEW&id=e81b4a33-796c-4fee-a0d3-ceb07b00b700,어페어커피
851,https://cdn.visitkorea.or.kr/img/call?cmd=VIEW&id=c4b94d60-7a8f-4c7d-bd48-58518de0204c,인평일등추어탕 선릉역점
852,https://cdn.visitkorea.or.kr/img/call?cmd=VIEW&id=36ce42e5-2dc1-491a-818c-0d03632c7992,알라프리마
853,https://cdn.visitkorea.or.kr/img/call?cmd=VIEW&id=45180e13-00f7-4bcb-b810-f3616da96778,수라선 역삼
854,https://cdn.visitkorea.or.kr/img/call?cmd=VIEW&id=e41b1f44-2036-453d-9ff4-c3cecbbcab50,포비 베이직
855,https://cdn.visitkorea.or.kr/img/call?cmd=VIEW&id=b56fdae1-d714-4993-882c-14db6e75ac3a,진평925
856,https://cdn.visitkorea.or.kr/img/call?cmd=VIEW&id=fd34074c-fa6c-4285-a7d6-68bf0395f724,테니 Tenne
857,https://cdn.visitkorea.or.kr/img/call?cmd=VIEW&id=673a394f-379f-49c7-afc3-0c07ca27b184,강남진해장
858,https://cdn.visitkorea.or.kr/img/call?cmd=VIEW&id=ad7f2465-aa4e-48f9-bc55-42c2d959e266,청운공원
859,https://cdn.visitkorea.or.kr/img/call?cmd=VIEW&id=276b92c5-9502-4b70-a419-c840a5c209ff,서래본가
860,https://cdn.visitkorea.or.kr/img/call?cmd=VIEW&id=9209af76-4b38-4b79-8331-bcd837e40522,쿠나
861,https://cdn.visitkorea.or.kr/img/call?cmd=VIEW&id=06c8fed4-a9b8-4580-807f-4f82f4247fc4,누메로뜨레쓰
862,https://cdn.visitkorea.or.kr/img/call?cmd=VIEW&id=6f892101-b96f-4c0f-9415-1014ced0fdce,클라스카커피랩
863,https://cdn.visitkorea.or.kr/img/call?cmd=VIEW&id=c90062ec-8864-4cc3-af19-d1f5dc0ffc7c,엘몰리노
864,https://cdn.visitkorea.or.kr/img/call?cmd=VIEW&id=00b9c2bd-b3a1-47a0-9452-02bac5e7c62b,에이치커피로스터스
865,https://cdn.visitkorea.or.kr/img/call?cmd=VIEW&id=6d2e306b-2760-4484-94b2-1e0ea66094a6,타임애프터타임
866,https://cdn.visitkorea.or.kr/img/call?cmd=VIEW&id=d93d8be3-fdc9-4588-bc60-dc50a0d61585,탐광
867,https://cdn.visitkorea.or.kr/img/call?cmd=VIEW&id=e7c69063-92e2-4ddc-bae4-a446506dfacc,텅 성수 스페이스
868,https://cdn.visitkorea.or.kr/img/call?cmd=VIEW&id=e5b0e15f-dce8-4d30-88bc-7e8099e6aff9,스트로베리32 성수점
869,https://cdn.visitkorea.or.kr/img/call?cmd=VIEW&id=dfccf46d-f803-4626-ad5d-809a4b85ec41,치카치카
870,https://cdn.visitkorea.or.kr/img/call?cmd=VIEW&id=3cefa126-652c-4062-acb2-09b0d967a644,유어네이키드치즈
871,https://cdn.visitkorea.or.kr/img/call?cmd=VIEW&id=5ff4b9f5-0800-4f48-a3f3-e3f452c71a3b,온량
872,https://cdn.visitkorea.or.kr/img/call?cmd=VIEW&id=3890daa7-1835-4d87-a226-d47b0bff42af,도쎄멕시칸
873,https://cdn.visitkorea.or.kr/img/call?cmd=VIEW&id=b14321ad-fc68-49c4-a3c4-0d9d8cee1c89,더즌오이스터
874,https://cdn.visitkorea.or.kr/img/call?cmd=VIEW&id=1d9febc8-fd05-45a9-8c75-b930741601ed,오스테리아 파로
875,https://cdn.visitkorea.or.kr/img/call?cmd=VIEW&id=39fb5789-0d25-4dda-b291-0ef87a2a9af5,카페&펍 연무장
876,https://cdn.visitkorea.or.kr/img/call?cmd=VIEW&id=40704d5b-b4bd-4b1a-b0f8-070d4d8265d1,오버도즈도넛앤커피
877,https://cdn.visitkorea.or.kr/img/call?cmd=VIEW&id=a8029bf1-b6d5-467e-82b9-6664c982f790,그린랩
878,https://cdn.visitkorea.or.kr/img/call?cmd=VIEW&id=b5cc7ab1-dde0-4de8-86ae-02a35d994031,카페포제
879,https://cdn.visitkorea.or.kr/img/call?cmd=VIEW&id=646f8798-05dd-4360-9151-8e23828d9625,꾸아 성수점
880,https://cdn.visitkorea.or.kr/img/call?cmd=VIEW&id=c2babe19-7cf8-4079-b32b-54112a6bceb0,오레노카츠 성수본점
881,https://cdn.visitkorea.or.kr/img/call?cmd=VIEW&id=57bdfb03-54b2-446c-b6be-939f5e325f1e,컴오프
882,https://cdn.visitkorea.or.kr/img/call?cmd=VIEW&id=72350923-b678-41d1-80c9-2f91994d632c,오뜨로
883,https://cdn.visitkorea.or.kr/img/call?cmd=VIEW&id=9efe24b4-f748-46e1-ad51-d6efc62d549c,누메로도스
884,https://cdn.visitkorea.or.kr/img/call?cmd=VIEW&id=108bfbac-0c3b-4ae5-a96c-8e1df8650cf3,파르코
885,https://cdn.visitkorea.or.kr/img/call?cmd=VIEW&id=b748419b-e185-4adc-b571-eb88a9fe2198,테디스오븐
886,https://cdn.visitkorea.or.kr/img/call?cmd=VIEW&id=7a088cfc-d3db-4420-a4c8-8e00b0c7f09c,중앙감속기
887,https://cdn.visitkorea.or.kr/img/call?cmd=VIEW&id=46af7f20-b9b0-4536-826b-67e4e5845d1c,5to7
888,https://cdn.visitkorea.or.kr/img/call?cmd=VIEW&id=d65bc973-47a7-449d-b894-677a0e33b08a,타코마이너
889,https://cdn.visitkorea.or.kr/img/call?cmd=VIEW&id=d7e7289f-cadc-4fbf-a768-3b5f80c8e01e,퀴버 서울숲
890,https://cdn.visitkorea.or.kr/img/call?cmd=VIEW&id=359f79f2-41bd-4053-8dc9-2bc236694489,직화삼곱
891,https://cdn.visitkorea.or.kr/img/call?cmd=VIEW&id=c1c203a8-6290-4390-a2d7-ca3e1dc57771,코너룸
892,https://cdn.visitkorea.or.kr/img/call?cmd=VIEW&id=f5517679-cb3c-4829-933f-e6c6986be781,천하제일 솥뚜껑
893,https://cdn.visitkorea.or.kr/img/call?cmd=VIEW&id=4eb904cc-57a9-49a4-be0b-8383b3d7415e,유즈풀 아뜰리에
894,https://cdn.visitkorea.or.kr/img/call?cmd=VIEW&id=cad39fe5-94fc-4bdb-9e96-e6c4ceade112,구펠
895,https://cdn.visitkorea.or.kr/img/call?cmd=VIEW&id=3ca270ed-44a0-4a89-9b26-e9815fbdb8c7,리커버리커피바
896,https://cdn.visitkorea.or.kr/img/call?cmd=VIEW&id=383ebefe-975f-4965-a7b0-abaea4f5171f,훼미리손칼국수보쌈
897,https://cdn.visitkorea.or.kr/img/call?cmd=VIEW&id=6c7f4bd1-c666-4323-b9f1-8723f0c3f6a7,록멘
898,https://cdn.visitkorea.or.kr/img/call?cmd=VIEW&id=29ad9c53-c216-4649-b4cc-81ccbc49f731,홍화돈
899,https://cdn.visitkorea.or.kr/img/call?cmd=VIEW&id=dd5e45af-c583-431b-b007-6f9ebf949484,계월곰탕
900,https://cdn.visitkorea.or.kr/img/call?cmd=VIEW&id=d42f052f-6ec6-46bb-ab4b-5353db77f953,할머니의 레시피
901,https://cdn.visitkorea.or.kr/img/call?cmd=VIEW&id=e55f7158-e408-4f7f-a194-08bf45849954,텐바
902,https://cdn.visitkorea.or.kr/img/call?cmd=VIEW&id=079b67dc-e47e-4faf-a946-f7d7e4fc7984,텐동식당
903,https://cdn.visitkorea.or.kr/img/call?cmd=VIEW&id=e13b56bc-0d7c-426e-abd6-774f4f74ebd4,만학
904,https://cdn.visitkorea.or.kr/img/call?cmd=VIEW&id=eeedfc44-1be8-4275-a2c4-286f33bd01b5,마크69
905,https://cdn.visitkorea.or.kr/img/call?cmd=VIEW&id=5d0f120c-7b25-4b61-ad00-e36be43d7fe2,가담
906,https://cdn.visitkorea.or.kr/img/call?cmd=VIEW&id=24437b40-94ed-4a1a-b060-7dfa682b759c,이봉
907,https://cdn.visitkorea.or.kr/img/call?cmd=VIEW&id=6146f2a3-f6cb-490a-8c4f-7d310f2fa778,갓포 마코토
908,https://cdn.visitkorea.or.kr/img/call?cmd=VIEW&id=58035a72-6311-4152-b44f-6182f90f99a1,아티초크0125
909,https://cdn.visitkorea.or.kr/img/call?cmd=VIEW&id=2ed6b440-1f28-407a-84af-95f80c8f0fbb,차만다 서울숲점
910,https://cdn.visitkorea.or.kr/img/call?cmd=VIEW&id=042e76a1-5747-4569-8c07-16deff520e7e,차이나플레인 서울숲점
911,https://cdn.visitkorea.or.kr/img/call?cmd=VIEW&id=cfa52077-96d1-41ca-9625-0d5d50e66bda,카페 차 성수점
912,https://cdn.visitkorea.or.kr/img/call?cmd=VIEW&id=277ff20f-20b6-42cf-9d6a-0d87473b929d,이태리차차
913,https://cdn.visitkorea.or.kr/img/call?cmd=VIEW&id=d6a40b2a-674f-4dad-aba4-68a50d05146c,제스티살룬 성수
914,https://cdn.visitkorea.or.kr/img/call?cmd=VIEW&id=f81fdb1b-a65d-4176-b2d8-45581115013c,죽변항
915,https://cdn.visitkorea.or.kr/img/call?cmd=VIEW&id=bffd13ad-e66f-4fe1-bc0d-35ac9ac00a7e,성수베이킹스튜디오
916,https://cdn.visitkorea.or.kr/img/call?cmd=VIEW&id=e93bf777-a611-423d-b4f4-0ae8ca79616b,성수온실
917,https://cdn.visitkorea.or.kr/img/call?cmd=VIEW&id=d753db47-928e-4283-9e0b-3831fdf6626b,난지미술창작스튜디오
918,https://cdn.visitkorea.or.kr/img/call?cmd=VIEW&id=3adbabc0-6da8-4759-b2d4-8005fdebec4a,청담나인
919,https://cdn.visitkorea.or.kr/img/call?cmd=VIEW&id=0d15b270-5038-4c78-9dba-77c070779aa8,러쉬 이태원SPA점
920,https://cdn.visitkorea.or.kr/img/call?cmd=VIEW&id=031bc0a6-23b9-4525-adea-49781624ee15,이태원 우사단길
921,https://cdn.visitkorea.or.kr/img/call?cmd=VIEW&id=6603c9b0-f31d-411b-96f7-a659af2965ae,이태원 관광특구
922,https://cdn.visitkorea.or.kr/img/call?cmd=VIEW&id=702c5f8a-dd72-428a-a560-d5d9ae88117d,벤스쿠키 이태원점
923,https://cdn.visitkorea.or.kr/img/call?cmd=VIEW&id=11cc5676-3051-438d-8bf5-6ab154d353a2,부다스벨리 이태원
924,https://cdn.visitkorea.or.kr/img/call?cmd=VIEW&id=f117bd16-0e74-486e-876a-17184d5dbd75,아라아트센터
925,https://cdn.visitkorea.or.kr/img/call?cmd=VIEW&id=f23b6fa1-de70-44b9-a92e-2733b5e7efb6,앨리스리틀이태리
926,https://cdn.visitkorea.or.kr/img/call?cmd=VIEW&id=458eba61-d50b-4817-a948-8b89166ae401,천호자전거거리
927,https://cdn.visitkorea.or.kr/img/call?cmd=VIEW&id=9c64b84e-b8b9-4469-b095-381c497341dc,이화만두
928,https://cdn.visitkorea.or.kr/img/call?cmd=VIEW&id=6073019a-be3e-43be-a46f-92820c1e73bb,경복식당
929,https://cdn.visitkorea.or.kr/img/call?cmd=VIEW&id=72eb50b5-0ee7-4b3b-af63-c1eb29cb5754,갈현동할머니떡볶이
930,https://cdn.visitkorea.or.kr/img/call?cmd=VIEW&id=c2ef59d3-61cf-4654-8148-51684d9c5c55,빈브라더스 합정
931,https://cdn.visitkorea.or.kr/img/call?cmd=VIEW&id=1e5d0426-eb0a-4d90-96ed-5e0bfab1084a,방목
932,https://cdn.visitkorea.or.kr/img/call?cmd=VIEW&id=abfabf67-aaca-40fa-806e-53d88872c6b2,이대거리
933,https://cdn.visitkorea.or.kr/img/call?cmd=VIEW&id=1db5f916-46ca-40a4-bd05-a77942fdb772,꿀넹쿠키
934,https://cdn.visitkorea.or.kr/img/call?cmd=VIEW&id=c0013b3c-c1d0-405d-9877-b1e9c1cd6ad8,오계절 남원추어탕
935,https://cdn.visitkorea.or.kr/img/call?cmd=VIEW&id=d3a2d4a4-75ad-4dee-af8b-e45e0d4b4c11,지존스토어 롯데월드몰점
936,https://cdn.visitkorea.or.kr/img/call?cmd=VIEW&id=d2729fa2-88e6-4e57-8864-ddcebb23e483,여의도공원 문화의마당
937,https://cdn.visitkorea.or.kr/img/call?cmd=VIEW&id=f3c4965c-f79e-4d21-aaf5-2daee33a2ddd,생강김밥 본점
938,https://cdn.visitkorea.or.kr/img/call?cmd=VIEW&id=ecd55e2e-065e-4cbe-8636-e3c003bf883b,갓포준 x 에스테반
939,https://cdn.visitkorea.or.kr/img/call?cmd=VIEW&id=6e3408f5-3ec0-4cfd-b93a-e4a16d5f4d7e,권숙수
940,https://cdn.visitkorea.or.kr/img/call?cmd=VIEW&id=ba56d6c1-b1af-4523-9a19-688ec3124e31,민주인권기념관
941,https://cdn.visitkorea.or.kr/img/call?cmd=VIEW&id=f21033b9-8794-493f-9c4b-d51042de90e8,양화인공폭포
942,https://cdn.visitkorea.or.kr/img/call?cmd=VIEW&id=c3fef183-b5b4-4046-ba20-5ba8fd47f030,더서울라이티움
943,https://cdn.visitkorea.or.kr/img/call?cmd=VIEW&id=fdb3d94d-75c8-4bec-8670-106f9356ebb7,이성원쉐프의 청년감자탕 본점
944,https://cdn.visitkorea.or.kr/img/call?cmd=VIEW&id=df7f02bf-1024-4102-a163-59eef3bf7855,가야밀냉면해물칼국수
945,https://cdn.visitkorea.or.kr/img/call?cmd=VIEW&id=a2c9fb6a-5379-4df1-ac10-ad67cbf0750e,물빛광장
946,https://cdn.visitkorea.or.kr/img/call?cmd=VIEW&id=21c9225f-0414-44ad-b91e-3e99dc8d37fa,문래근린공원
947,https://cdn.visitkorea.or.kr/img/call?cmd=VIEW&id=fd58a12c-95b1-42cf-8111-a90567002ddc,구수옥설렁탕
948,https://cdn.visitkorea.or.kr/img/call?cmd=VIEW&id=0f8a9579-f73d-4f61-8b29-196c9ace94f7,삼각어린이공원
949,https://cdn.visitkorea.or.kr/img/call?cmd=VIEW&id=05d3a2a6-1f01-460b-9115-fcb5d1a23741,최우영스시
950,https://cdn.visitkorea.or.kr/img/call?cmd=VIEW&id=d584b7e8-773f-4b90-9ac2-bd6c2011455f,한생연 휴먼탐구과학관
951,https://cdn.visitkorea.or.kr/img/call?cmd=VIEW&id=038d5cd5-a9c9-4b0c-9d95-9f555e1dd786,세상의모든아침
952,https://cdn.visitkorea.or.kr/img/call?cmd=VIEW&id=166029d2-c308-481c-8be8-a87ee5d98637,닭내장집
953,https://cdn.visitkorea.or.kr/img/call?cmd=VIEW&id=c4dd6661-394f-4b3a-a8a4-1c9264e2d0ec,프릳츠 양재점
954,https://cdn.visitkorea.or.kr/img/call?cmd=VIEW&id=955111b5-98d5-4cd9-9c6f-7204bf981169,투뿔등심 논현 본점
955,https://cdn.visitkorea.or.kr/img/call?cmd=VIEW&id=b0792210-d5aa-4053-a703-0e47bd91533e,취영루
956,https://cdn.visitkorea.or.kr/img/call?cmd=VIEW&id=09476e91-9310-433f-822f-27f8af2d915f,예담한정식
957,https://cdn.visitkorea.or.kr/img/call?cmd=VIEW&id=d6486d25-0644-4b71-ae00-506d228e9257,춘삼국수
958,https://cdn.visitkorea.or.kr/img/call?cmd=VIEW&id=12bfac41-4e6d-42f4-9578-0671f2b4dbfe,꺼거
959,https://cdn.visitkorea.or.kr/img/call?cmd=VIEW&id=7e131ff3-93a1-4b8b-8ba6-19c965f611bd,화화일식
960,https://cdn.visitkorea.or.kr/img/call?cmd=VIEW&id=d215ebe9-1b93-4f6c-85bf-e1719c97a7bf,홍영재장수청국장
961,https://cdn.visitkorea.or.kr/img/call?cmd=VIEW&id=6567ba7b-5334-4614-8a57-387e422aafd1,현우동
962,https://cdn.visitkorea.or.kr/img/call?cmd=VIEW&id=41fdf152-5e96-48f3-aae9-0f9431671ba3,현복집 강남본점
963,https://korean.visitkorea.or.kr/resources/images/common/no_img_01.png,피양콩할마니
964,https://korean.visitkorea.or.kr/resources/images/common/no_img_01.png,푸드2900 논현시티점
965,https://korean.visitkorea.or.kr/resources/images/common/no_img_01.png,압구정변강쇠떡볶이
966,https://cdn.visitkorea.or.kr/img/call?cmd=VIEW&id=1333004f-b9d9-48c2-82dd-c377cab2719a,한강껍데기
967,https://cdn.visitkorea.or.kr/img/call?cmd=VIEW&id=6b5d4f36-52af-499b-b55a-d8d3fc7baa9d,일등식당
968,https://cdn.visitkorea.or.kr/img/call?cmd=VIEW&id=68976ec1-645e-40ba-80bc-c22c3ffaa38f,옥동식
969,https://cdn.visitkorea.or.kr/img/call?cmd=VIEW&id=68a8053d-43b3-47c7-be14-b9acbfd98c67,어반플랜트 합정
970,https://cdn.visitkorea.or.kr/img/call?cmd=VIEW&id=73c39bb2-7b9d-4c02-a0df-365ba5c0f812,가람국시
971,https://cdn.visitkorea.or.kr/img/call?cmd=VIEW&id=5da24aa8-ab53-4d6a-86b6-1e4768a9991a,이포크
972,https://cdn.visitkorea.or.kr/img/call?cmd=VIEW&id=a9888e45-203b-4e4f-82c2-fa8b58ea22bd,합정옥
973,https://cdn.visitkorea.or.kr/img/call?cmd=VIEW&id=869ff4b3-1018-433c-992a-9be565637cd3,노들강본채
974,https://cdn.visitkorea.or.kr/img/call?cmd=VIEW&id=0053bd10-fdef-4928-a115-25d4be319a48,남서울민물장어
975,https://cdn.visitkorea.or.kr/img/call?cmd=VIEW&id=ccfcc9b7-186e-40ee-ae53-5f17b7fdfbc4,김수사
976,https://cdn.visitkorea.or.kr/img/call?cmd=VIEW&id=b14f624f-3bd0-41c9-9c17-e62f88ae4762,봉밀가 강남구청점
977,https://cdn.visitkorea.or.kr/img/call?cmd=VIEW&id=6cb59ecc-9410-4d17-946f-62dae6334e1a,보슬보슬 역삼본점
978,https://cdn.visitkorea.or.kr/img/call?cmd=VIEW&id=04873ec4-afcc-4ac2-ae56-020e4b4efa5b,뱅뱅막국수
979,https://cdn.visitkorea.or.kr/img/call?cmd=VIEW&id=466f2a23-95f4-4d79-a324-a743dc5cd64f,미에뜨
980,https://cdn.visitkorea.or.kr/img/call?cmd=VIEW&id=fbd42006-e428-47c5-9f88-b0d4404a6f26,minu c
981,https://cdn.visitkorea.or.kr/img/call?cmd=VIEW&id=0d64f95c-a0d4-4854-9359-c20d4cfb0710,한티옥
982,https://cdn.visitkorea.or.kr/img/call?cmd=VIEW&id=b8958861-e469-4f6f-800b-eb85c7d86ae9,진전복삼계탕 논현직영점
983,https://cdn.visitkorea.or.kr/img/call?cmd=VIEW&id=ad50305c-54bf-434a-82a8-38abcb4941fd,르브런쉭 대치점
984,https://cdn.visitkorea.or.kr/img/call?cmd=VIEW&id=ccfbeec9-e45e-4584-b5d9-662c25336122,마누테라스
985,https://cdn.visitkorea.or.kr/img/call?cmd=VIEW&id=49371ff8-e24f-4317-b9d2-024dc81af639,마제스티 타바론 티 라운지
986,https://cdn.visitkorea.or.kr/img/call?cmd=VIEW&id=c1defbe1-1da3-436e-81e3-bfac4704c4b7,자연석돌구이
987,https://cdn.visitkorea.or.kr/img/call?cmd=VIEW&id=78f06efa-d303-48e2-adad-17c23cacf6a2,마초쉐프 강남본점
988,https://cdn.visitkorea.or.kr/img/call?cmd=VIEW&id=9841e1b7-c554-442e-a741-19e5cec47dc7,일치
989,https://cdn.visitkorea.or.kr/img/call?cmd=VIEW&id=1edb285a-66e5-470d-80a7-fe66a1076eaf,맛짱조개
990,https://cdn.visitkorea.or.kr/img/call?cmd=VIEW&id=ad4caddf-b055-460a-891b-d6891a0007c2,일미원
991,https://cdn.visitkorea.or.kr/img/call?cmd=VIEW&id=76f322df-508d-4976-a650-a59cd0c3bcc4,네모집 청담점
992,https://cdn.visitkorea.or.kr/img/call?cmd=VIEW&id=94bed454-3e4e-4453-8329-85e3cf6746ce,노란상 소갈비 본점
993,https://cdn.visitkorea.or.kr/img/call?cmd=VIEW&id=b402a5f9-5ab6-46cc-be48-534fc6abe958,다온 바이뱀부
994,https://cdn.visitkorea.or.kr/img/call?cmd=VIEW&id=27653fa6-730c-4b1d-a307-2b9459e4d151,단스시
995,https://cdn.visitkorea.or.kr/img/call?cmd=VIEW&id=8ce146b9-2e2b-4f01-a69d-92256bb7bf27,대가방 본점
996,https://cdn.visitkorea.or.kr/img/call?cmd=VIEW&id=39f03ddd-b53d-46d3-83b3-23ffb629f419,파씨오네
997,https://cdn.visitkorea.or.kr/img/call?cmd=VIEW&id=5e5168d5-0666-4658-a69b-aa5c943f3565,대가원 본점
998,https://cdn.visitkorea.or.kr/img/call?cmd=VIEW&id=728dc30c-e164-45d0-a554-bc12fdb31d90,파시0914
999,https://cdn.visitkorea.or.kr/img/call?cmd=VIEW&id=6ccb7d24-881c-418d-bcc5-a2d9e1a7aa67,대막
